symbol,direction,entry_time,entry_price,exit_time,exit_price,pnl,pnl_percent,exit_reason,regime,score,duration_hours,entry_session
ZECUSDT,long,2025-06-03 04:05:00,54.72735,2025-06-03 05:20:00,54.478641825,4.271518536663768,0.1696758542540894,stopped,trending,94,1.25,Asian Session
ZECUSDT,long,2025-06-03 05:25:00,54.657315,2025-06-03 06:05:00,54.190754999999996,-22.636336855500055,-0.9631399539110205,stopped,trending,86,0.6666666666666666,Asian Session
QNTUSDT,long,2025-06-03 18:20:00,114.13704,2025-06-03 18:30:00,112.90697999999999,-20.32401316500013,-1.187111748298369,stopped,trending,88,0.16666666666666666,NY Session
ADAUSDT,short,2025-06-03 20:30:00,0.67995985,2025-06-03 20:40:00,0.68584516,-22.524290352166734,-0.976013915453967,stopped,trending,87,0.16666666666666666,NY Session
AVAXUSDT,short,2025-06-04 14:45:00,20.842573500000004,2025-06-04 15:10:00,21.008988,-22.542510200174384,-0.9088746110214979,stopped,trending,92,0.4166666666666667,London Session + NY Session
ADAUSDT,short,2025-06-04 14:45:00,0.6840578,2025-06-04 15:15:00,0.68920852,-23.092524421159773,-0.8633797430567915,stopped,trending,92,0.5,London Session + NY Session
AAVEUSDT,long,2025-06-04 16:15:00,272.09597999999994,2025-06-04 17:15:00,269.21052000000003,-19.099071449999457,-1.1698734303240754,stopped,trending,92,1.0,London Session + NY Session
ETHUSDT,long,2025-06-04 16:40:00,2655.0268499999997,2025-06-04 17:30:00,2634.10326,-23.832611560499878,-0.8976410750987275,stopped,trending,92,0.8333333333333334,London Session + NY Session
QNTUSDT,long,2025-06-09 00:15:00,119.06950499999999,2025-06-09 00:50:00,118.41147,-23.659486087499946,-0.6623438438330606,stopped,trending,94,0.5833333333333334,Asian Session
DOGEUSDT,short,2025-06-09 05:15:00,0.1815092,2025-06-09 06:50:00,0.1820664846,0.9050310179493088,0.022772980369595963,stopped,trending,92,1.5833333333333333,Asian Session
LINKUSDT,short,2025-06-09 01:15:00,13.7221355,2025-06-09 09:35:00,13.735857635499999,18.52452356494766,0.5172313454607441,stopped,trending,92,8.333333333333334,Asian Session
QNTUSDT,long,2025-06-09 11:15:00,119.309625,2025-06-09 12:00:00,118.51137,-25.234935456410426,-0.7786937116347467,stopped,trending,87,0.75,London Session
XLMUSDT,short,2025-06-09 13:00:00,0.266896485,2025-06-09 14:45:00,0.26716338148499996,10.21628112210595,0.19835685253092866,stopped,trending,85,1.75,London Session + NY Session
JUPUSDT,short,2025-06-09 13:30:00,0.46606685000000003,2025-06-09 15:05:00,0.465833117474725,7.213857391987918,0.4159645181709438,stopped,trending,95,1.5833333333333333,London Session + NY Session
AAVEUSDT,long,2025-06-09 12:05:00,259.15951499999994,2025-06-09 18:30:00,265.98694,30.776725403381697,1.2976299656700128,completed,trending,88,6.416666666666667,London Session
XMRUSDT,short,2025-06-09 14:45:00,328.45569,2025-06-09 19:45:00,330.23274784499995,0.7394439570141609,0.035587046107392564,stopped,trending,85,5.0,London Session + NY Session
UNIUSDT,long,2025-06-10 09:45:00,7.199597999999999,2025-06-10 11:20:00,7.496449900000001,29.547042597686584,2.1046077207748506,completed,trending,93,1.5833333333333333,London Session
QNTUSDT,long,2025-06-10 12:20:00,123.31162499999999,2025-06-10 13:40:00,122.54814168749999,0.8522453587172913,0.05316395375208581,stopped,high_volatility,90,1.3333333333333333,London Session
AAVEUSDT,long,2025-06-10 13:30:00,312.06595500000003,2025-06-10 14:45:00,306.55314000000004,-17.559166506749968,-1.875582840252468,stopped,trending,92,1.25,London Session + NY Session
ZECUSDT,long,2025-06-10 15:35:00,52.056014999999995,2025-06-10 16:10:00,52.08196492347749,-0.8771270334516148,-0.060177417500004216,stopped,trending,92,0.5833333333333334,London Session + NY Session
UNIUSDT,long,2025-06-10 23:30:00,8.507251499999999,2025-06-11 00:40:00,8.442225074249999,6.080124543820198,0.47966379026271727,stopped,trending,90,1.1666666666666667,Off-Hours
TRXUSDT,long,2025-06-11 10:00:00,0.291575715,2025-06-11 10:40:00,0.2908067596425,-3.6673920134842124,-0.07075741266781325,stopped,trending,91,0.6666666666666666,London Session
QNTUSDT,long,2025-06-11 11:45:00,119.97995999999999,2025-06-11 13:45:00,119.85998004,15.694443865091758,0.6884677752189773,stopped,trending,92,2.0,London Session
ZECUSDT,long,2025-06-11 12:20:00,49.424699999999994,2025-06-11 14:10:00,51.130422,29.228019937140346,1.7393077655706766,completed,trending,92,1.8333333333333333,London Session
TRXUSDT,long,2025-06-11 13:15:00,0.29188587,2025-06-11 14:10:00,0.29052918,-26.678006758469902,-0.5745458927148457,stopped,trending,91,0.9166666666666666,London Session + NY Session
AAVEUSDT,long,2025-06-11 15:05:00,315.47765999999996,2025-06-11 16:10:00,310.86882,-14.859991691999788,-1.5701050159938204,stopped,trending,92,1.0833333333333333,London Session + NY Session
ZECUSDT,long,2025-06-11 15:00:00,51.055515,2025-06-11 17:50:00,50.444505,-20.00505033000001,-1.3060979034292386,stopped,trending,92,2.8333333333333335,London Session + NY Session
UNIUSDT,long,2025-06-12 12:50:00,7.853924999999999,2025-06-12 13:25:00,7.857840181612499,-0.92635269052795,-0.06017741750000796,stopped,trending,92,0.5833333333333334,London Session
XMRUSDT,short,2025-06-12 13:35:00,320.13985,2025-06-12 13:45:00,323.14282,-20.14065281099969,-1.0485340917414523,stopped,trending,92,0.16666666666666666,London Session + NY Session
ETHUSDT,long,2025-06-12 13:20:00,2738.44854,2025-06-12 15:45:00,2735.71009146,14.574502837139756,0.5322175174830839,stopped,trending,90,2.4166666666666665,London Session + NY Session
AAVEUSDT,long,2025-06-12 15:20:00,299.04945,2025-06-12 15:50:00,296.11359000000004,-19.579198031999606,-1.0911906616112936,stopped,trending,92,0.5,London Session + NY Session
DOGEUSDT,short,2025-06-12 16:05:00,0.18658666000000002,2025-06-12 16:25:00,0.18829811,-20.861968827056234,-1.027745833223005,stopped,trending,92,0.3333333333333333,London Session + NY Session
ALGOUSDT,short,2025-06-12 17:15:00,0.1907046,2025-06-12 18:20:00,0.18500245499999998,25.52878367987663,1.3525875456989582,completed,trending,92,1.0833333333333333,NY Session
AAVEUSDT,long,2025-06-12 16:30:00,300.18001499999997,2025-06-12 18:45:00,299.87983498499995,12.922644992258562,0.8609930272845487,stopped,trending,91,2.25,London Session + NY Session
DOGEUSDT,short,2025-06-12 18:55:00,0.187176365,2025-06-12 20:45:00,0.181720815,25.984548461535276,1.314122263112667,completed,trending,95,1.8333333333333333,NY Session
JUPUSDT,short,2025-06-14 07:25:00,0.41499240000000004,2025-06-14 07:45:00,0.4177573399999999,-23.28905373168115,-0.7766292483910264,stopped,trending,91,0.3333333333333333,Asian Session
SUIUSDT,short,2025-06-14 15:15:00,2.9837074,2025-06-14 15:40:00,2.92216035,24.751147073740785,0.8910240335731414,completed,trending,90,0.4166666666666667,London Session + NY Session
TAOUSDT,short,2025-06-14 15:15:00,367.606105,2025-06-14 16:30:00,358.389105,24.520434209100205,1.1117168565114104,completed,trending,90,1.25,London Session + NY Session
SOLUSDT,short,2025-06-14 15:15:00,145.06743,2025-06-14 16:50:00,142.921425,22.68346920839986,0.6014038598464139,completed,trending,97,1.5833333333333333,London Session + NY Session
LINKUSDT,short,2025-06-14 16:00:00,13.003495000000001,2025-06-14 17:25:00,13.016498494999999,12.527205112102036,0.4188574624210824,stopped,trending,90,1.4166666666666667,London Session + NY Session
FILUSDT,short,2025-06-14 17:05:00,2.4017985,2025-06-14 17:50:00,2.4203178999999997,-22.86528914159972,-0.8814879358114239,stopped,trending,92,0.75,NY Session
TAOUSDT,short,2025-06-14 18:00:00,359.82,2025-06-14 19:40:00,361.926565,0.8286577970000826,0.057574467581018474,stopped,trending,92,1.6666666666666667,NY Session
RENDERUSDT,short,2025-06-14 17:15:00,3.3533225,2025-06-14 21:20:00,3.3566758224999997,14.577699899247232,0.6989132884855331,stopped,trending,92,4.083333333333333,NY Session
ADAUSDT,short,2025-06-14 18:15:00,0.6214891,2025-06-14 21:20:00,0.6221105890999999,13.845633194205396,0.5651486386123382,stopped,trending,90,3.0833333333333335,NY Session
APTUSDT,short,2025-06-14 20:00:00,4.40529625,2025-06-14 21:20:00,4.447843399999999,-21.527035070604537,-1.076349333089664,stopped,trending,90,1.3333333333333333,NY Session
SUIUSDT,short,2025-06-15 07:10:00,3.002498,2025-06-15 09:20:00,2.951475,32.68783233652529,0.9401449888559543,completed,trending,91,2.1666666666666665,Asian Session
XLMUSDT,short,2025-06-15 10:00:00,0.25567210000000007,2025-06-15 10:10:00,0.25668642999999997,-30.22309385139459,-0.5069490145776158,stopped,trending,92,0.16666666666666666,London Session
ALGOUSDT,short,2025-06-15 09:35:00,0.17431280000000002,2025-06-15 10:40:00,0.17530512999999998,-25.618589124798092,-0.6795943048932481,stopped,trending,85,1.0833333333333333,London Session
ONDOUSDT,short,2025-06-15 10:30:00,0.77911025,2025-06-15 11:05:00,0.78395317,-24.441364519965887,-0.7319381154335954,stopped,trending,92,0.5833333333333334,London Session
VETUSDT,short,2025-06-15 06:15:00,0.022230879000000002,2025-06-15 12:50:00,0.022253109878999998,17.819959424330726,0.3649344928772871,stopped,trending,90,6.583333333333333,Asian Session
AAVEUSDT,long,2025-06-16 04:20:00,278.75930999999997,2025-06-16 05:40:00,285.33726,30.1945360008004,1.3539698459219354,completed,trending,92,1.3333333333333333,Asian Session
ARBUSDT,short,2025-06-16 09:20:00,0.3386306,2025-06-16 13:45:00,0.33846077675409997,8.052467200465252,0.3720197513064842,stopped,trending,91,4.416666666666667,London Session
AAVEUSDT,long,2025-06-16 14:05:00,289.91488499999997,2025-06-16 14:40:00,288.09905505750004,1.135965676171292,0.07836546068831837,stopped,trending,90,0.5833333333333334,London Session + NY Session
UNIUSDT,long,2025-06-16 13:05:00,7.788892499999999,2025-06-16 14:45:00,7.7811036074999995,15.79722129143582,1.2144748366943772,stopped,trending,90,1.6666666666666667,London Session + NY Session
ADAUSDT,short,2025-06-16 20:00:00,0.6536730000000001,2025-06-16 22:30:00,0.6533451829905,-1.7354487947004233,-0.05982241749999696,stopped,trending,91,2.5,NY Session
DOTUSDT,short,2025-06-16 20:00:00,3.9700140000000004,2025-06-16 22:30:00,3.968023037979,-2.021089555754771,-0.059822417499991114,stopped,trending,91,2.5,NY Session
ZECUSDT,short,2025-06-16 12:00:00,45.23737,2025-06-16 22:45:00,43.4086935,29.860247598479994,2.0627475413634784,completed,trending,95,10.75,London Session
FILUSDT,short,2025-06-16 22:30:00,2.540729,2025-06-16 22:50:00,2.4874431,34.08715130630402,1.1893872100487706,completed,trending,90,0.3333333333333333,Off-Hours
ADAUSDT,short,2025-06-16 23:10:00,0.6424786000000001,2025-06-17 00:00:00,0.62819394,35.49207004567954,1.2699405960331098,completed,trending,88,0.8333333333333334,Off-Hours
LTCUSDT,short,2025-06-16 23:10:00,87.67614,2025-06-17 00:00:00,86.1620595,33.57447624750041,0.9573435899293812,completed,trending,86,0.8333333333333334,Off-Hours
XLMUSDT,short,2025-06-16 23:10:00,0.26488749,2025-06-17 00:05:00,0.26035010999999997,34.18177339546644,0.9474494217620453,completed,trending,86,0.9166666666666666,Off-Hours
DOGEUSDT,short,2025-06-17 00:45:00,0.172683615,2025-06-17 01:00:00,0.17458441,-23.116397964351062,-1.2113438867665487,stopped,high_volatility,88,0.25,Asian Session
AVAXUSDT,short,2025-06-17 00:45:00,19.0974465,2025-06-17 01:00:00,19.313294,-22.98642050567489,-1.2408643599289508,stopped,trending,92,0.25,Asian Session
ADAUSDT,short,2025-06-17 00:45:00,0.63118425,2025-06-17 01:30:00,0.6374668299999999,-23.58656241962575,-1.1059113236744937,stopped,trending,88,0.75,Asian Session
DOGEUSDT,short,2025-06-17 01:05:00,0.1735132,2025-06-17 02:55:00,0.17538520999999999,-22.700881476374274,-1.1894796047217038,stopped,trending,88,1.8333333333333333,Asian Session
ARBUSDT,short,2025-06-17 01:00:00,0.32353815,2025-06-17 15:00:00,0.30909446999999995,38.77660929202058,2.679448627070728,completed,trending,86,14.0,Asian Session
SOLUSDT,short,2025-06-17 15:10:00,148.495715,2025-06-17 19:00:00,148.64421071499999,15.020937389570202,0.6743600823574921,stopped,trending,88,3.8333333333333335,London Session + NY Session
POLUSDT,short,2025-06-17 15:30:00,0.19559215500000002,2025-06-17 19:00:00,0.1966675485775,0.8455423652044427,0.04086771706984234,stopped,trending,87,3.5,London Session + NY Session
XLMUSDT,short,2025-06-17 15:35:00,0.25443272,2025-06-17 19:15:00,0.25468715272,14.165069674038872,0.46623519676471165,stopped,trending,88,3.6666666666666665,London Session + NY Session
ZECUSDT,short,2025-06-17 19:00:00,40.99949000000001,2025-06-17 19:35:00,41.445403999999996,-22.597899818199433,-1.198206835499631,stopped,trending,89,0.5833333333333334,NY Session
XLMUSDT,short,2025-06-17 19:55:00,0.25428279500000006,2025-06-17 21:05:00,0.2541552721783076,-1.5204205619795859,-0.05982241750000677,stopped,trending,85,1.1666666666666667,NY Session
POLUSDT,short,2025-06-18 00:15:00,0.194372765,2025-06-18 01:05:00,0.19561541999999998,-25.94890051916367,-0.7496670131486689,stopped,trending,77,0.8333333333333334,Asian Session
RENDERUSDT,short,2025-06-17 20:10:00,3.2673655000000004,2025-06-18 04:30:00,3.2706328655,16.79315465209128,1.0935451292806169,stopped,trending,88,8.333333333333334,NY Session
FILUSDT,short,2025-06-17 20:10:00,2.4147920000000003,2025-06-18 04:45:00,2.417206792,15.884082712280634,0.7657539533997233,stopped,trending,85,8.583333333333334,NY Session
LINKUSDT,short,2025-06-18 13:35:00,12.7446245,2025-06-18 13:55:00,12.855842999999998,-23.8067638537496,-0.9831498536892783,stopped,trending,88,0.3333333333333333,London Session + NY Session
XRPUSDT,short,2025-06-18 13:35:00,2.1296346500000003,2025-06-18 14:00:00,2.1435413999999997,-25.848624955724063,-0.7633702253811192,stopped,trending,85,0.4166666666666667,London Session + NY Session
XLMUSDT,short,2025-06-18 13:35:00,0.24719634000000001,2025-06-18 14:00:00,0.24890865999999998,-25.37454200049951,-0.8030773230703826,stopped,trending,88,0.4166666666666667,London Session + NY Session
SOLUSDT,short,2025-06-18 13:55:00,145.13739500000003,2025-06-18 14:00:00,146.32618,-22.934529426249444,-0.9295260992178941,stopped,trending,92,0.08333333333333333,London Session + NY Session
UNIUSDT,long,2025-06-19 04:05:00,7.6518239999999995,2025-06-19 04:25:00,7.567425,-21.522544172399872,-1.2123852685320446,stopped,trending,85,0.3333333333333333,Asian Session
LINKUSDT,short,2025-06-19 06:30:00,13.1804065,2025-06-19 08:10:00,13.173796526140249,-2.184100071881399,-0.05982241749999129,stopped,trending,91,1.6666666666666667,Asian Session
UNIUSDT,long,2025-06-19 05:00:00,7.5967965,2025-06-19 09:25:00,7.85537035,35.87921400870013,2.0097616991583305,completed,trending,95,4.416666666666667,Asian Session
SOLUSDT,short,2025-06-19 14:05:00,144.00796000000003,2025-06-19 17:35:00,144.53336897999998,-2.0374894345533905,-0.054095267611911746,stopped,trending,85,3.5,London Session + NY Session
LINKUSDT,short,2025-06-19 14:15:00,13.023485,2025-06-19 17:35:00,13.0758052425,-1.1357919651468809,-0.034355545993919046,stopped,trending,86,3.3333333333333335,London Session + NY Session
ONDOUSDT,short,2025-06-19 14:20:00,0.76971495,2025-06-19 17:35:00,0.7704846649499999,16.72110703596225,0.705749977820433,stopped,trending,87,3.25,London Session + NY Session
TAOUSDT,short,2025-06-19 17:35:00,349.72505,2025-06-19 21:15:00,349.549662887425,7.099915149967489,0.40602840145236885,stopped,trending,86,3.6666666666666665,NY Session
APTUSDT,short,2025-06-19 17:50:00,4.39530125,2025-06-19 22:00:00,4.3963967788365625,6.0164835314993885,0.2943751412099229,stopped,trending,86,4.166666666666667,NY Session
SUIUSDT,short,2025-06-19 20:20:00,2.8353816000000003,2025-06-20 00:25:00,2.8339596561276,-1.4298913889700626,-0.05982241749998748,stopped,trending,90,4.083333333333333,NY Session
SOLUSDT,short,2025-06-20 01:00:00,146.74659,2025-06-20 01:40:00,146.672996585115,-2.545833374367277,-0.05982241749999279,stopped,trending,88,0.6666666666666666,Asian Session
UNIUSDT,long,2025-06-19 23:45:00,7.688842499999999,2025-06-20 02:35:00,7.681153657499999,23.372594712849892,1.037476679037531,stopped,trending,87,2.8333333333333335,Off-Hours
VETUSDT,short,2025-06-20 00:45:00,0.021698145500000002,2025-06-20 04:50:00,0.0213596745,33.681957112324156,0.8533134243546419,completed,trending,88,4.083333333333333,Asian Session
ZECUSDT,short,2025-06-20 05:30:00,41.089445000000005,2025-06-20 05:45:00,41.299257999999995,-28.06394653149888,-0.6209058960275315,stopped,trending,89,0.25,Asian Session
RENDERUSDT,short,2025-06-20 04:15:00,3.1394295000000003,2025-06-20 06:00:00,3.1515131147499997,3.2268185410288144,0.10017894368847154,stopped,trending,85,1.75,Asian Session
HBARUSDT,short,2025-06-20 05:35:00,0.145956985,2025-06-20 06:00:00,0.14665651,-29.02683935218078,-0.5895315131714858,stopped,trending,85,0.4166666666666667,Asian Session
DOGEUSDT,short,2025-06-20 05:45:00,0.167726095,2025-06-20 06:00:00,0.16851834999999998,-28.823179862345754,-0.5826102639246395,stopped,trending,85,0.25,Asian Session
ADAUSDT,short,2025-06-20 06:00:00,0.59260355,2025-06-20 07:20:00,0.59574515,-26.691583823904764,-0.6404267718274667,stopped,trending,88,1.3333333333333333,Asian Session
DOGEUSDT,short,2025-06-20 06:05:00,0.16809591000000002,2025-06-20 07:20:00,0.16888872,-28.071971233002845,-0.5819008603481055,stopped,trending,85,1.25,Asian Session
DOTUSDT,short,2025-06-20 06:05:00,3.4842570000000004,2025-06-20 07:20:00,3.5044009,-25.810724145219393,-0.6884584531221271,stopped,trending,85,1.25,Asian Session
QNTUSDT,short,2025-06-21 05:45:00,95.90202500000001,2025-06-21 08:55:00,95.997927025,20.17067038117744,0.4041965611411888,stopped,trending,88,3.1666666666666665,Asian Session
LINKUSDT,short,2025-06-21 16:00:00,12.461766,2025-06-21 16:20:00,12.556543999999999,-25.470088810257657,-0.8709686131162951,stopped,trending,87,0.3333333333333333,London Session + NY Session
HBARUSDT,short,2025-06-21 16:00:00,0.14256868,2025-06-21 16:20:00,0.14363349,-25.59994838941519,-0.8572859014336104,stopped,trending,85,0.3333333333333333,London Session + NY Session
TONUSDT,short,2025-06-21 16:20:00,2.9179403,2025-06-21 17:40:00,2.8684334999999996,26.69346285955968,0.708972588207177,completed,trending,85,1.3333333333333333,London Session + NY Session
TAOUSDT,short,2025-06-21 16:00:00,329.82500500000003,2025-06-21 18:55:00,319.709775,30.14981721947942,1.390300623227478,completed,trending,88,2.9166666666666665,London Session + NY Session
QNTUSDT,short,2025-06-21 16:20:00,93.7531,2025-06-21 19:30:00,91.621788,28.193885967959705,0.995493338889598,completed,trending,85,3.1666666666666665,London Session + NY Session
XMRUSDT,short,2025-06-21 20:05:00,310.0449,2025-06-21 20:45:00,312.70239,-25.121045453228913,-0.9676021148872296,stopped,trending,92,0.6666666666666666,NY Session
XLMUSDT,short,2025-06-21 18:05:00,0.240069905,2025-06-21 21:20:00,0.23577783,27.384274609780427,0.7543762247396286,completed,trending,88,3.25,NY Session
TONUSDT,short,2025-06-21 18:55:00,2.8909538,2025-06-21 21:20:00,2.8895039866693,-2.0860755518022422,-0.05982241749999461,stopped,trending,85,2.4166666666666665,NY Session
LINKUSDT,short,2025-06-21 20:45:00,12.2448745,2025-06-21 21:30:00,11.899947,29.945077190819728,1.2630767228769915,completed,trending,88,0.75,NY Session
XMRUSDT,short,2025-06-21 21:45:00,308.12586,2025-06-21 22:20:00,311.15083999999996,-24.723896558063913,-1.0922751452928914,stopped,trending,88,0.5833333333333334,NY Session
RENDERUSDT,short,2025-06-21 21:50:00,2.8835574999999998,2025-06-21 23:45:00,2.9251221999999997,-23.09450677390266,-1.552231014467369,stopped,trending,90,1.9166666666666667,NY Session
AVAXUSDT,short,2025-06-21 22:05:00,16.665663000000002,2025-06-21 23:55:00,16.85684,-23.972892162768893,-1.257762002327757,stopped,trending,90,1.8333333333333333,Off-Hours
BNBUSDT,short,2025-06-21 22:20:00,628.20574,2025-06-21 23:55:00,629.9822228699999,-0.10483513265084277,-0.001944364244295403,stopped,trending,85,1.5833333333333333,Off-Hours
DOGEUSDT,short,2025-06-21 23:45:00,0.15296348,2025-06-21 23:55:00,0.15461445999999998,-23.668481627055144,-1.1899231548602114,stopped,trending,92,0.16666666666666666,Off-Hours
DOTUSDT,short,2025-06-22 16:35:00,3.172413,2025-06-22 20:15:00,3.0193088999999995,21.56610452377507,2.266004302694833,completed,trending,95,3.6666666666666665,London Session + NY Session
ETHUSDT,short,2025-06-22 20:00:00,2179.14988,2025-06-22 20:50:00,2181.32902988,23.90559866876328,1.0970148904472454,stopped,trending,96,0.8333333333333334,NY Session
SOLUSDT,short,2025-06-22 20:35:00,128.51571,2025-06-22 22:05:00,130.35021999999998,-19.768862614999662,-1.5382448274222396,stopped,trending,92,1.5,NY Session
FILUSDT,short,2025-06-22 16:35:00,2.0659665000000005,2025-06-22 23:15:00,2.0680324665,12.344593369774618,1.409248746491553,stopped,trending,96,6.666666666666667,London Session + NY Session
DOTUSDT,short,2025-06-22 20:55:00,3.104447,2025-06-22 23:15:00,3.159156,-19.71419977934997,-1.8732476879134965,stopped,trending,92,2.3333333333333335,NY Session
QNTUSDT,short,2025-06-23 05:45:00,91.344305,2025-06-23 07:05:00,92.21412199999999,-21.357030966699632,-1.0627637211208552,stopped,trending,95,1.3333333333333333,Asian Session
FILUSDT,short,2025-06-23 17:05:00,2.0839575,2025-06-23 17:25:00,2.1150128999999995,-19.651887061079776,-1.6010323492681409,stopped,trending,92,0.3333333333333333,NY Session
DOTUSDT,short,2025-06-23 17:15:00,3.1644170000000003,2025-06-23 17:25:00,3.2150117999999996,-19.42315141655978,-1.7097457711799484,stopped,trending,92,0.16666666666666666,NY Session
ADAUSDT,short,2025-06-25 12:35:00,0.57821075,2025-06-25 13:20:00,0.5819914099999999,-23.070404372547372,-0.7642146376558858,stopped,trending,91,0.75,London Session
ZECUSDT,short,2025-06-26 11:50:00,40.23987,2025-06-26 12:55:00,39.355667999999994,26.875187036145455,1.060118410956614,completed,trending,90,1.0833333333333333,London Session
AVAXUSDT,short,2025-06-26 13:00:00,17.312339500000004,2025-06-26 14:30:00,17.329651839500002,12.958533250453785,0.5057528885547831,stopped,trending,90,1.5,London Session + NY Session
TAOUSDT,short,2025-06-26 13:00:00,320.109865,2025-06-26 14:30:00,321.83144243249995,0.5397416560304604,0.03372227569621827,stopped,trending,92,1.5,London Session + NY Session
SOLUSDT,short,2025-06-26 14:00:00,142.25883500000003,2025-06-26 14:30:00,143.35321,-21.274847620749266,-0.8797074886420633,stopped,trending,90,0.5,London Session + NY Session
QNTUSDT,short,2025-06-26 14:50:00,97.77109,2025-06-26 17:40:00,97.72205779836499,5.829775029959169,0.29813388753051484,stopped,trending,92,2.8333333333333335,London Session + NY Session
ADAUSDT,short,2025-06-26 15:15:00,0.55562205,2025-06-26 18:20:00,0.558383851025,0.289306087021564,0.013771188453214555,stopped,trending,90,3.0833333333333335,London Session + NY Session
SOLUSDT,short,2025-06-26 18:40:00,141.36928,2025-06-26 19:40:00,142.57243,-20.389769107499905,-0.9615370047155885,stopped,trending,94,1.0,NY Session
FILUSDT,short,2025-06-26 14:50:00,2.222888,2025-06-26 20:30:00,2.225110888,14.055571001397213,0.7293094055490117,stopped,trending,92,5.666666666666667,London Session + NY Session
XMRUSDT,short,2025-06-27 09:55:00,308.36574,2025-06-27 12:10:00,309.68224287,1.0735117846863735,0.04351617436028941,stopped,trending,94,2.25,London Session
ZECUSDT,short,2025-06-27 11:45:00,38.80059,2025-06-27 12:25:00,39.103063999999996,-21.755223611099787,-0.8899890689806433,stopped,trending,91,0.6666666666666666,London Session
HBARUSDT,short,2025-06-27 13:30:00,0.14427782500000003,2025-06-27 14:00:00,0.14486863641249997,-0.849468918579376,-0.031872085081948276,stopped,trending,91,0.5,London Session + NY Session
XMRUSDT,short,2025-06-27 15:25:00,304.6476,2025-06-27 15:45:00,307.41711,-18.636873542999812,-1.0195864305183984,stopped,trending,94,0.3333333333333333,London Session + NY Session
XMRUSDT,short,2025-06-28 13:15:00,307.656095,2025-06-28 17:40:00,307.7327782816787,5.5046893362909675,0.35784692231050824,stopped,trending,92,4.416666666666667,London Session + NY Session
ZECUSDT,short,2025-06-28 23:30:00,39.070455,2025-06-29 06:00:00,39.208897227499996,2.2036707039452814,0.06878351679022539,stopped,trending,92,6.5,Off-Hours
UNIUSDT,long,2025-06-29 23:35:00,7.4047005,2025-06-30 01:05:00,7.343449199999999,-23.41485214266097,-0.9367398767175033,stopped,trending,85,1.5,Off-Hours
XLMUSDT,short,2025-06-30 01:00:00,0.23956016000000002,2025-06-30 06:45:00,0.23659824,32.15416963299417,0.6490358686519617,completed,trending,93,5.75,Asian Session
ZECUSDT,short,2025-07-01 00:00:00,38.28085,2025-07-01 02:00:00,37.51875,31.405019405257875,1.123814505888728,completed,trending,96,2.0,Asian Session
TAOUSDT,short,2025-07-01 08:45:00,330.904465,2025-07-01 12:40:00,322.891365,27.402126614625068,1.1829968859365527,completed,trending,97,3.9166666666666665,Asian Session + London Session
AVAXUSDT,short,2025-07-01 13:30:00,17.383304,2025-07-01 13:50:00,17.449083652,-1.4306588041898145,-0.047028994987368,stopped,trending,90,0.3333333333333333,London Session + NY Session
AVAXUSDT,short,2025-07-01 14:00:00,17.381305,2025-07-01 14:15:00,17.502484999999997,-22.87967177349925,-0.8075693079431918,stopped,trending,92,0.25,London Session + NY Session
ADAUSDT,short,2025-07-01 14:15:00,0.5516240499999999,2025-07-01 16:55:00,0.5521756740499999,14.075186455412009,0.7101559775864542,stopped,trending,90,2.6666666666666665,London Session + NY Session
ZECUSDT,short,2025-07-01 17:05:00,36.431775,2025-07-01 18:00:00,36.7367,-21.40039499749983,-0.9474357514834159,stopped,trending,94,0.9166666666666666,NY Session
RENDERUSDT,short,2025-07-01 20:10:00,3.0354815,2025-07-01 20:35:00,3.0629598999999996,-21.05862671190978,-1.0157381216126562,stopped,trending,90,0.4166666666666667,NY Session
VETUSDT,short,2025-07-01 20:35:00,0.0202788555,2025-07-01 22:35:00,0.020455434999999998,-21.038709612370088,-0.9812356509715051,stopped,trending,92,2.0,NY Session
AVAXUSDT,short,2025-07-01 14:35:00,17.325333,2025-07-02 04:25:00,17.342658333,13.028832514028135,0.5115717758548806,stopped,trending,91,13.833333333333334,London Session + NY Session
DOGEUSDT,short,2025-07-01 14:15:00,0.15993999,2025-07-02 04:50:00,0.16009992998999997,13.308219403337013,0.5459814915588755,stopped,trending,90,14.583333333333334,London Session + NY Session
VETUSDT,short,2025-07-02 11:35:00,0.020705642,2025-07-02 13:00:00,0.020726347641999997,15.006541363699991,0.3599130138629944,stopped,trending,86,1.4166666666666667,London Session
AVAXUSDT,short,2025-07-02 11:30:00,17.585203000000003,2025-07-02 13:10:00,17.5763840206955,6.983084660398358,0.18951284723049514,stopped,trending,86,1.6666666666666667,London Session
TRXUSDT,long,2025-07-02 14:10:00,0.2823411,2025-07-02 14:50:00,0.28129842,-33.08683215094946,-0.4790948735412655,stopped,trending,85,0.6666666666666666,London Session + NY Session
TAOUSDT,short,2025-07-02 11:00:00,326.046895,2025-07-02 15:05:00,326.372941895,17.20720604951661,0.6004548409950494,stopped,trending,85,4.083333333333333,London Session
AAVEUSDT,long,2025-07-02 18:00:00,278.309085,2025-07-02 23:40:00,276.4378279575,1.6378933746903268,0.10168183534566651,stopped,trending,88,5.666666666666667,NY Session
TRXUSDT,long,2025-07-02 20:35:00,0.28304144999999997,2025-07-03 04:50:00,0.28275840854999995,9.791552110102943,0.178322654883069,stopped,trending,86,8.25,NY Session
ARBUSDT,long,2025-07-03 04:00:00,0.35427705,2025-07-03 09:00:00,0.35392277294999996,23.912692715036705,1.080383577732597,stopped,trending,85,5.0,Asian Session
AAVEUSDT,long,2025-07-03 09:30:00,281.67076499999996,2025-07-03 10:05:00,280.37472711749996,1.7642386020649123,0.06761720662338806,stopped,trending,90,0.5833333333333334,London Session
LTCUSDT,long,2025-07-03 09:15:00,90.94545,2025-07-03 11:25:00,90.85450454999999,17.966648962974357,0.6662934202502776,stopped,trending,90,2.1666666666666665,London Session
UNIUSDT,long,2025-07-03 09:30:00,7.6828395,2025-07-03 12:35:00,7.6374246802500005,3.042336984603379,0.15901631121126336,stopped,trending,85,3.0833333333333335,London Session
XRPUSDT,long,2025-07-03 10:20:00,2.2832410499999996,2025-07-03 12:35:00,2.2809578089499993,15.94932633936249,0.40961499923610095,stopped,trending,90,2.25,London Session
TAOUSDT,short,2025-07-03 14:15:00,339.939945,2025-07-03 22:00:00,340.279884945,13.808697097024368,1.0155247493071435,stopped,trending,98,7.75,London Session + NY Session
TAOUSDT,short,2025-07-04 16:00:00,318.12086,2025-07-04 16:45:00,319.75486542999994,0.4191155647906859,0.02195787919464979,stopped,trending,90,0.75,London Session + NY Session
TONUSDT,short,2025-07-04 18:35:00,2.7540223,2025-07-05 07:00:00,2.7567763222999995,13.22287967757439,0.4572664041444776,stopped,trending,90,12.416666666666666,NY Session
VETUSDT,short,2025-07-05 17:00:00,0.02062968,2025-07-05 20:50:00,0.02065030968,12.585248087028672,0.3770545563973956,stopped,trending,94,3.8333333333333335,NY Session
VETUSDT,short,2025-07-06 04:30:00,0.020417786000000004,2025-07-06 06:10:00,0.020507486999999994,-28.596244213624516,-0.5495693810778046,stopped,trending,90,1.6666666666666667,Asian Session
AAVEUSDT,long,2025-07-06 15:30:00,276.77831999999995,2025-07-06 15:45:00,274.58514,-25.133067677161677,-0.9019600606723559,stopped,trending,85,0.25,London Session + NY Session
DOTUSDT,short,2025-07-06 15:45:00,3.3873055,2025-07-06 17:45:00,3.4086051999999993,-26.670361133407265,-0.7391553813200271,stopped,trending,88,2.0,London Session + NY Session
QNTUSDT,long,2025-07-06 15:30:00,109.19457,2025-07-06 18:35:00,108.42147,-25.945091332004758,-0.8176128373416365,stopped,trending,85,3.0833333333333335,London Session + NY Session
UNIUSDT,long,2025-07-06 14:40:00,7.4026995,2025-07-06 18:40:00,7.3328598000000005,-24.08545075619424,-1.0529166774228682,stopped,trending,88,4.0,London Session + NY Session
VETUSDT,short,2025-07-07 13:00:00,0.0206126885,2025-07-07 13:15:00,0.020602351236717248,-2.175831124624553,-0.0598224174999884,stopped,trending,92,0.25,London Session + NY Session
TAOUSDT,short,2025-07-07 18:35:00,319.74005,2025-07-07 19:05:00,322.18186,-19.56406935349983,-0.8741060278498034,stopped,trending,91,0.5,NY Session
VETUSDT,short,2025-07-07 17:10:00,0.0205027435,2025-07-07 19:15:00,0.020601452621749998,0.14637962612806632,0.006783644120703824,stopped,trending,92,2.0833333333333335,NY Session
RENDERUSDT,short,2025-07-07 21:00:00,3.130434,2025-07-07 23:30:00,3.1580548999999998,-20.667913315174744,-0.9928198101285514,stopped,trending,90,2.5,NY Session
VETUSDT,short,2025-07-07 20:20:00,0.020343823,2025-07-08 00:30:00,0.0204453364115,0.27538748817714076,0.013492542978963165,stopped,trending,94,4.166666666666667,NY Session
UNIUSDT,long,2025-07-08 06:50:00,7.433714999999999,2025-07-08 07:15:00,7.3844082,-24.502486530195974,-0.7729213153853653,stopped,trending,85,0.4166666666666667,Asian Session
TONUSDT,short,2025-07-07 16:15:00,2.77371245,2025-07-08 08:50:00,2.77648616245,12.912789143854285,0.5207401989842397,stopped,trending,91,16.583333333333332,London Session + NY Session
UNIUSDT,long,2025-07-08 08:25:00,7.4527244999999995,2025-07-08 09:00:00,7.3979946000000005,-23.431137444227023,-0.8439570724102172,stopped,trending,88,0.5833333333333334,Asian Session + London Session
UNIUSDT,long,2025-07-08 11:05:00,7.5167565,2025-07-08 15:00:00,7.509239743499999,17.305955219138344,0.7942605549643043,stopped,trending,88,3.9166666666666665,London Session
AAVEUSDT,long,2025-07-08 16:00:00,286.38312,2025-07-08 16:10:00,283.84587,-22.392721114621434,-0.9954762503111317,stopped,trending,85,0.16666666666666666,London Session + NY Session
VETUSDT,short,2025-07-08 14:00:00,0.020655667000000003,2025-07-08 17:05:00,0.020676322667,11.841269487567915,0.4373801362920587,stopped,trending,91,3.0833333333333335,London Session + NY Session
RENDERUSDT,short,2025-07-08 14:00:00,3.1854065,2025-07-08 17:10:00,3.1885919064999997,11.985415934672435,0.460538764637578,stopped,trending,95,3.1666666666666665,London Session + NY Session
AAVEUSDT,long,2025-07-08 16:25:00,285.65275499999996,2025-07-08 17:15:00,293.703075,26.977648067075922,1.2662220291819177,completed,trending,85,0.8333333333333334,London Session + NY Session
UNIUSDT,long,2025-07-08 17:40:00,7.729863,2025-07-08 20:15:00,7.636256100000001,-21.348445511837184,-1.3203114402544947,stopped,trending,88,2.5833333333333335,NY Session
XRPUSDT,long,2025-07-08 20:25:00,2.3121555,2025-07-08 20:50:00,2.298699,-25.472360577988706,-0.691669309222488,stopped,trending,89,0.4166666666666667,NY Session
AAVEUSDT,long,2025-07-08 17:30:00,291.16551,2025-07-09 00:30:00,291.310656006735,-1.0112859866822121,-0.060177417500003466,stopped,trending,87,7.0,NY Session
TRXUSDT,long,2025-07-08 18:00:00,0.28642313999999996,2025-07-09 06:20:00,0.28613671686,3.170125858041226,0.04574139481903051,stopped,high_volatility,87,12.333333333333334,NY Session
XRPUSDT,long,2025-07-09 13:30:00,2.3861924999999995,2025-07-09 13:40:00,2.3690286,-23.446355067946712,-0.8289051115951231,stopped,trending,92,0.16666666666666666,London Session + NY Session
ARBUSDT,long,2025-07-09 12:55:00,0.34207095,2025-07-09 13:55:00,0.33950016,-23.1525341533932,-0.8611237260866467,stopped,trending,85,1.0,London Session
AAVEUSDT,long,2025-07-09 12:35:00,300.67026,2025-07-09 14:00:00,298.24146,-22.703875931812803,-0.9173509365375767,stopped,trending,85,1.4166666666666667,London Session
ETHUSDT,long,2025-07-09 13:50:00,2660.74971,2025-07-09 14:05:00,2644.44291,-24.348795735513935,-0.7225277848851044,stopped,trending,88,0.25,London Session + NY Session
FILUSDT,long,2025-07-14 00:15:00,2.5572779999999997,2025-07-14 00:50:00,2.558552803083,-1.1249387207064485,-0.060177417499996166,stopped,trending,95,0.5833333333333334,Asian Session
BNBUSDT,long,2025-07-14 00:45:00,693.24645,2025-07-14 00:50:00,691.03827,-20.786756171999794,-0.42835222538823975,stopped,trending,96,0.08333333333333333,Asian Session
XRPUSDT,long,2025-07-15 04:30:00,2.8643314499999994,2025-07-15 08:15:00,2.8338633,-17.909949740962215,-1.1731239103805347,stopped,trending,91,3.75,Asian Session
ARBUSDT,long,2025-07-16 01:10:00,0.43891934999999993,2025-07-16 02:15:00,0.43329627,-17.14276124211885,-1.390414569555876,stopped,trending,94,1.0833333333333333,Asian Session
HBARUSDT,long,2025-07-16 07:30:00,0.23483736,2025-07-16 09:00:00,0.242128875,32.37082793631691,1.8208672644122834,completed,trending,97,1.5,Asian Session
ARBUSDT,long,2025-07-16 08:20:00,0.43761869999999997,2025-07-16 09:40:00,0.43193762999999996,-18.80981278970663,-1.4074640735187989,stopped,trending,85,1.3333333333333333,Asian Session + London Session
ALGOUSDT,long,2025-07-16 09:30:00,0.28814399999999996,2025-07-16 10:10:00,0.28414557,-18.990787653678737,-1.4968867175786906,stopped,trending,89,0.6666666666666666,London Session
RENDERUSDT,long,2025-07-16 09:40:00,3.9499739999999997,2025-07-16 13:00:00,3.9519430620389997,7.722281998220896,0.4314608143607901,stopped,trending,88,3.3333333333333335,London Session
LTCUSDT,long,2025-07-16 10:15:00,97.16856,2025-07-16 13:40:00,96.83634672,-0.5179017224181495,-0.015700273895686265,stopped,trending,85,3.4166666666666665,London Session
XRPUSDT,long,2025-07-16 14:00:00,2.9836911,2025-07-16 14:10:00,2.9612358,-21.1788701916968,-0.8621874360586553,stopped,trending,86,0.16666666666666666,London Session + NY Session
HBARUSDT,long,2025-07-16 09:40:00,0.237308595,2025-07-16 14:25:00,0.2374268933346075,8.23813050923508,0.631092568944554,stopped,trending,86,4.75,London Session
ETHUSDT,long,2025-07-16 13:00:00,3167.412915,2025-07-16 14:30:00,3229.7843000000003,23.452869417951653,0.8433602154425811,completed,trending,94,1.5,London Session + NY Session
LTCUSDT,long,2025-07-16 14:25:00,96.89842499999999,2025-07-16 15:15:00,96.80152657499998,12.134282972581552,0.46844373505221065,stopped,trending,85,0.8333333333333334,London Session + NY Session
LINKUSDT,long,2025-07-16 15:05:00,16.7793855,2025-07-16 15:15:00,16.589394000000002,-19.40833490171109,-1.2416684074932176,stopped,trending,88,0.16666666666666666,London Session + NY Session
XRPUSDT,long,2025-07-16 15:10:00,2.98359105,2025-07-16 15:35:00,2.9585385,-20.706529809149533,-0.9492159206101599,stopped,trending,88,0.4166666666666667,London Session + NY Session
LINKUSDT,long,2025-07-16 15:15:00,16.6072995,2025-07-16 15:35:00,16.416567,-19.270469057736285,-1.2578542741100038,stopped,trending,92,0.3333333333333333,London Session + NY Session
ARBUSDT,long,2025-07-16 15:15:00,0.44352165,2025-07-16 22:50:00,0.44307812835,14.965641597408744,1.465141304726962,stopped,trending,88,7.583333333333333,London Session + NY Session
TRXUSDT,long,2025-07-17 05:25:00,0.31146565499999995,2025-07-17 05:35:00,0.31026942,-27.491321102024752,-0.4938551864570541,stopped,trending,92,0.16666666666666666,Asian Session
ONDOUSDT,long,2025-07-17 05:00:00,0.9430713,2025-07-17 06:30:00,0.967545985,31.440197050499606,1.5019623006526726,completed,trending,86,1.5,Asian Session
XLMUSDT,long,2025-07-17 06:50:00,0.47238607499999996,2025-07-17 07:05:00,0.46630323,-18.646009481842594,-1.3969768515615006,stopped,trending,88,0.25,Asian Session
ALGOUSDT,long,2025-07-17 06:50:00,0.2935467,2025-07-17 07:05:00,0.28942029,-18.392716497000933,-1.514935049346482,stopped,trending,89,0.25,Asian Session
SUIUSDT,long,2025-07-17 05:00:00,3.9151565999999995,2025-07-17 08:25:00,4.022587700000001,31.60959233709695,1.594267109143244,completed,trending,88,3.4166666666666665,Asian Session
ADAUSDT,long,2025-07-17 08:45:00,0.7750873500000001,2025-07-17 09:20:00,0.803168215,24.8419127688608,1.8325024925158417,completed,trending,90,0.5833333333333334,Asian Session + London Session
LTCUSDT,long,2025-07-17 10:30:00,100.13004,2025-07-17 11:30:00,99.187713,-17.883179990549856,-1.0505855826583028,stopped,trending,92,1.0,London Session
XLMUSDT,long,2025-07-17 08:45:00,0.47012494499999996,2025-07-17 12:00:00,0.47035930228508244,7.4449963033202105,0.7595303483179074,stopped,trending,94,3.25,Asian Session + London Session
POLUSDT,long,2025-07-17 10:30:00,0.236308095,2025-07-17 12:05:00,0.23385591,-17.66612199632172,-1.147135989035837,stopped,trending,92,1.5833333333333333,London Session
ONDOUSDT,long,2025-07-17 14:20:00,1.02381165,2025-07-17 15:05:00,1.0134913191750001,2.3276536593356285,0.2681241610433831,stopped,trending,85,0.75,London Session + NY Session
ADAUSDT,long,2025-07-17 14:05:00,0.79949955,2025-07-17 16:30:00,0.7868124,-17.98308722119995,-1.696013659107123,stopped,trending,85,2.4166666666666665,London Session + NY Session
ALGOUSDT,long,2025-07-21 00:45:00,0.29124555,2025-07-21 02:00:00,0.301858995,31.967849020670783,2.160525834823918,completed,trending,86,1.25,Asian Session
SUIUSDT,long,2025-07-21 00:50:00,3.8800390499999997,2025-07-21 03:05:00,3.98350725,31.107909170674482,1.5464890169211165,completed,trending,90,2.25,Asian Session
TONUSDT,long,2025-07-21 02:05:00,3.2574278999999997,2025-07-21 05:35:00,3.328335,31.017985983940353,1.237886569423391,completed,trending,88,3.5,Asian Session
HBARUSDT,long,2025-07-21 03:40:00,0.2777388,2025-07-21 06:00:00,0.27787725279180003,-0.8440746193864233,-0.060177417499990817,stopped,trending,86,2.3333333333333335,Asian Session
TAOUSDT,long,2025-07-21 01:10:00,412.60619999999994,2025-07-21 07:00:00,425.74702,31.63685738284832,1.8727130773968144,completed,trending,90,5.833333333333333,Asian Session
ALGOUSDT,long,2025-07-21 05:35:00,0.30025004999999994,2025-07-21 08:05:00,0.30891546500000006,33.24812677216783,1.6845335632250786,completed,trending,86,2.5,Asian Session
XLMUSDT,long,2025-07-21 06:00:00,0.481950855,2025-07-21 09:20:00,0.47935559207249995,4.789151223755792,0.2539169516423062,stopped,trending,85,3.3333333333333335,Asian Session
LTCUSDT,long,2025-07-21 07:35:00,120.16004999999998,2025-07-21 09:40:00,119.02086,-21.02070370343931,-1.0575390909873834,stopped,trending,85,2.0833333333333335,Asian Session
BNBUSDT,long,2025-07-21 11:35:00,771.115365,2025-07-21 12:05:00,765.6835500000001,-18.831163209749747,-0.8140227374732594,stopped,trending,92,0.5,London Session
AVAXUSDT,long,2025-07-21 12:00:00,26.049018,2025-07-21 13:00:00,25.787187,-18.58181841600005,-1.114594464751035,stopped,trending,92,1.0,London Session
QNTUSDT,long,2025-07-21 12:00:00,120.210075,2025-07-21 13:50:00,123.15839000000001,24.461432864774995,1.1969943580644131,completed,trending,92,1.8333333333333333,London Session
ADAUSDT,long,2025-07-21 12:05:00,0.9018506999999999,2025-07-21 16:10:00,0.9009488492999999,15.735653686580335,1.0939298041906595,stopped,trending,90,4.083333333333333,London Session
JUPUSDT,long,2025-07-22 02:50:00,0.644322,2025-07-22 03:40:00,0.63274662,-17.23798590836388,-1.9055329076145024,stopped,trending,92,0.8333333333333334,Asian Session
LTCUSDT,long,2025-07-22 05:15:00,116.47820999999999,2025-07-22 05:45:00,115.15473,-20.29363099278088,-1.245621921044279,stopped,trending,92,0.5,Asian Session
LTCUSDT,long,2025-07-22 05:50:00,115.567755,2025-07-22 07:45:00,115.62536552586751,-0.9859155929946217,-0.06017741749999758,stopped,trending,85,1.9166666666666667,Asian Session
ETHUSDT,long,2025-07-22 06:35:00,3704.51133,2025-07-22 07:50:00,3676.60971,-22.031807244939937,-0.8627652536292725,stopped,trending,85,1.25,Asian Session
XRPUSDT,long,2025-07-22 06:15:00,3.47603715,2025-07-22 08:05:00,3.4434530999999997,-20.85243216988101,-1.0468751646540972,stopped,trending,89,1.8333333333333333,Asian Session
TRXUSDT,long,2025-07-23 02:00:00,0.31687835999999997,2025-07-23 02:10:00,0.31554414,-24.167728523999955,-0.5308195785284918,stopped,trending,92,0.16666666666666666,Asian Session
LTCUSDT,long,2025-07-23 02:50:00,120.95044499999999,2025-07-23 04:00:00,119.64024,-17.310358520999785,-1.1926619011199027,stopped,trending,92,1.1666666666666667,Asian Session
BNBUSDT,long,2025-07-23 22:00:00,765.9327749999999,2025-07-24 05:00:00,765.1668422249999,20.647821365583027,1.1337097071156566,stopped,trending,90,7.0,Off-Hours
ONDOUSDT,long,2025-07-24 18:00:00,1.06463205,2025-07-24 18:55:00,1.065162769076925,-0.5967006753206456,-0.06017741749999674,stopped,trending,87,0.9166666666666666,NY Session
TRXUSDT,long,2025-07-24 14:05:00,0.31041513,2025-07-25 06:50:00,0.31622181,23.20338425190255,0.7941555097523882,completed,trending,85,16.75,London Session + NY Session
ETHUSDT,long,2025-07-26 03:00:00,3740.099115,2025-07-26 08:15:00,3741.963554408828,-2.250695059347035,-0.06017741749999144,stopped,trending,90,5.25,Asian Session
ETHUSDT,long,2025-07-26 10:30:00,3764.38125,2025-07-26 10:55:00,3753.028839375,-1.6496730719526997,-0.04382321987053516,stopped,trending,90,0.4166666666666667,London Session
ETHUSDT,long,2025-07-26 10:55:00,3760.269195,2025-07-26 11:20:00,3740.4857700000002,-23.908840230749625,-0.6358278886666151,stopped,trending,92,0.4166666666666667,London Session
SUIUSDT,long,2025-07-26 10:30:00,4.0386182999999996,2025-07-26 14:45:00,4.12763515,24.120551986597775,1.0627181986658778,completed,trending,92,4.25,London Session
LINKUSDT,long,2025-07-27 01:00:00,18.464227499999996,2025-07-27 04:35:00,18.83058,28.027860886740513,1.1161431606196566,completed,trending,96,3.5833333333333335,Asian Session
TONUSDT,long,2025-07-27 03:00:00,3.32936385,2025-07-27 06:35:00,3.3681151000000003,25.365312037507508,0.6032198148754455,completed,trending,90,3.5833333333333335,Asian Session
ETHUSDT,long,2025-07-27 02:45:00,3768.92352,2025-07-27 06:50:00,3765.15459648,13.85796389598746,0.367690238935585,stopped,trending,90,4.083333333333333,Asian Session
QNTUSDT,long,2025-07-27 04:45:00,124.17205499999999,2025-07-27 07:25:00,125.96698500000001,26.16507329017552,0.7804306601231811,completed,trending,90,2.6666666666666665,Asian Session
LTCUSDT,long,2025-07-27 06:45:00,115.15754999999999,2025-07-27 07:30:00,114.61527000000001,-23.402926784999185,-0.5806436929232835,stopped,trending,94,0.75,Asian Session
JUPUSDT,long,2025-07-27 06:50:00,0.5664831,2025-07-27 07:40:00,0.5777209950000001,29.25590991399436,1.1176110408589477,completed,trending,92,0.8333333333333334,Asian Session
JUPUSDT,long,2025-07-27 07:55:00,0.57178575,2025-07-27 11:00:00,0.586216745,30.701054554852917,1.4562865151282718,completed,trending,92,3.0833333333333335,Asian Session
JUPUSDT,long,2025-07-27 12:00:00,0.5883940499999999,2025-07-27 12:30:00,0.5799394800000001,-20.262632887535798,-1.5460988161759674,stopped,trending,88,0.5,London Session
QNTUSDT,long,2025-07-27 12:00:00,126.84339,2025-07-27 13:55:00,126.00386999999999,-24.05805419501063,-0.7714915164282564,stopped,trending,86,1.9166666666666667,London Session
UNIUSDT,long,2025-07-27 12:00:00,10.64532,2025-07-27 14:45:00,10.63467468,16.848036644945267,0.6796923216512126,stopped,trending,85,2.75,London Session
ETHUSDT,long,2025-07-27 12:30:00,3809.66388,2025-07-27 15:45:00,3811.5629974441804,-2.046095961747785,-0.06017741749999163,stopped,trending,86,3.25,London Session
QNTUSDT,long,2025-07-27 15:00:00,126.733335,2025-07-27 22:20:00,129.37528,25.549591877607845,0.9030858284444357,completed,trending,85,7.333333333333333,London Session + NY Session
AVAXUSDT,long,2025-07-27 18:35:00,25.4717295,2025-07-27 22:40:00,26.1579145,26.431413430704694,1.2019529298157892,completed,trending,85,4.083333333333333,NY Session
JUPUSDT,long,2025-07-27 22:35:00,0.5958978,2025-07-27 23:10:00,0.5901692399999999,-21.732469394322163,-1.0708038982523689,stopped,trending,90,0.5833333333333334,Off-Hours
UNIUSDT,long,2025-07-27 22:55:00,10.957476,2025-07-27 23:10:00,10.872117,-23.222191161694685,-0.8885739393816641,stopped,trending,88,0.25,Off-Hours
RENDERUSDT,long,2025-07-27 23:10:00,4.326161999999999,2025-07-28 00:10:00,4.328318591756999,-1.6842267528138268,-0.06017741749999734,stopped,trending,86,1.0,Off-Hours
LINKUSDT,long,2025-07-27 19:10:00,19.0285095,2025-07-28 01:00:00,19.0094809905,14.098494904553752,0.629530905290022,stopped,trending,85,5.833333333333333,NY Session
AVAXUSDT,long,2025-07-27 23:10:00,25.877932499999996,2025-07-28 01:45:00,25.760180283749996,4.152365814254571,0.17046754255569185,stopped,trending,88,2.5833333333333335,Off-Hours
TRXUSDT,long,2025-07-28 12:20:00,0.32520252,2025-07-28 13:20:00,0.32487731748,9.44823958918765,0.17038119948369831,stopped,trending,90,1.0,London Session
ETHUSDT,long,2025-07-28 16:50:00,3808.74342,2025-07-28 17:15:00,3777.94827,-34.96783042949992,-0.9180936223186156,stopped,trending,90,0.4166666666666667,London Session + NY Session
TRXUSDT,long,2025-07-28 23:15:00,0.32121052499999997,2025-07-28 23:30:00,0.3213706484467125,-2.852085411570314,-0.06017741749999616,stopped,trending,91,0.25,Off-Hours
BNBUSDT,long,2025-07-29 00:00:00,826.362975,2025-07-29 01:55:00,826.1557644840187,8.934342727511586,0.33342629968704696,stopped,trending,88,1.9166666666666667,Asian Session
APTUSDT,short,2025-07-29 02:30:00,4.6062957,2025-07-29 03:45:00,4.647342699999999,-21.90554600226443,-1.0015966000619316,stopped,trending,85,1.25,Asian Session
UNIUSDT,long,2025-07-29 04:15:00,10.413203999999999,2025-07-29 04:45:00,10.306683,-20.91731932945554,-1.1323790242657206,stopped,trending,87,0.5,Asian Session
TRXUSDT,long,2025-07-29 06:25:00,0.32880432,2025-07-29 09:30:00,0.33288347500000004,29.76006287911038,0.652022433943394,completed,trending,88,3.0833333333333335,Asian Session
APTUSDT,short,2025-07-30 11:05:00,4.4951513,2025-07-30 14:50:00,4.499646451299999,15.208481546427077,0.7795640651374143,stopped,trending,91,3.75,London Session
ETHUSDT,long,2025-07-30 14:25:00,3774.716415,2025-07-30 18:45:00,3770.941698585,19.488874420780807,0.5163003595008026,stopped,trending,90,4.333333333333333,London Session + NY Session
APTUSDT,short,2025-07-30 19:35:00,4.4106935499999995,2025-07-30 20:00:00,4.479474999999999,-17.97573441940987,-1.6702825047208163,stopped,trending,92,0.4166666666666667,NY Session
AAVEUSDT,short,2025-07-30 19:40:00,272.133865,2025-07-30 20:10:00,275.89561999999995,-16.252684866999747,-1.4930781278360694,stopped,trending,92,0.5,NY Session
ZECUSDT,short,2025-07-30 19:40:00,38.14092,2025-07-31 01:30:00,38.651613,-18.246653473949877,-1.449699936839479,stopped,trending,92,5.833333333333333,NY Session
XMRUSDT,short,2025-07-31 13:30:00,309.475185,2025-07-31 15:30:00,303.241545,24.962577021406204,0.8670402493660465,completed,trending,88,2.0,London Session + NY Session
APTUSDT,short,2025-07-31 15:15:00,4.438579600000001,2025-07-31 16:25:00,4.485581099999999,-20.72502656502314,-1.1695135170043718,stopped,trending,85,1.1666666666666667,London Session + NY Session
APTUSDT,short,2025-07-31 19:00:00,4.42428675,2025-08-01 00:00:00,4.3245612,19.938351914041704,1.4873163822507813,backtest_end,trending,94,5.0,NY Session
ZECUSDT,short,2025-08-01 00:00:00,36.951515,2025-08-01 00:00:00,36.988485,-4.037123999999824,-0.21010505252625397,backtest_end,trending,90,0.0,Asian Session
