symbol,direction,entry_time,entry_price,exit_time,exit_price,pnl,pnl_percent,exit_reason,regime,score,duration_hours
ZECUSDT,long,2025-06-03 04:00:00,54.94746,2025-06-03 06:15:00,54.116829,-22.94043115883981,-1.6208508254066643,stopped,trending,91,2.25
XMRUSDT,long,2025-06-03 07:35:00,366.7833,2025-06-03 07:55:00,361.32831,-22.729029522227375,-1.5964334759788708,stopped,trending,93,0.3333333333333333
TAOUSDT,short,2025-06-03 06:00:00,391.71404500000006,2025-06-03 12:25:00,394.10072952249993,6.358793543560707,0.32352510467971907,stopped,trending,85,6.416666666666667
UNIUSDT,long,2025-06-03 12:30:00,6.453225,2025-06-03 13:00:00,6.4564419326625,-0.997590550872326,-0.060177417499996486,stopped,trending,85,0.5
AAVEUSDT,long,2025-06-03 10:15:00,259.20953999999995,2025-06-03 13:55:00,268.38574,39.913836065689864,2.0954678385101335,completed,trending,90,3.6666666666666665
QNTUSDT,long,2025-06-03 18:15:00,114.73734,2025-06-03 18:30:00,112.90697999999999,-22.769850435245647,-1.7043835738217505,stopped,trending,86,0.25
AAVEUSDT,long,2025-06-03 14:05:00,265.87287,2025-06-03 20:25:00,266.00540762569494,13.524827212339783,1.025953357426213,stopped,trending,86,6.333333333333333
UNIUSDT,long,2025-06-03 14:45:00,6.809403,2025-06-03 20:30:00,6.6180753,-21.512766382976558,-2.918211964617156,stopped,high_volatility,85,5.75
QNTUSDT,long,2025-06-03 18:40:00,113.49672,2025-06-03 21:55:00,111.66822,-22.481574300991127,-1.7201736904819724,stopped,trending,90,3.25
ZECUSDT,long,2025-06-03 20:25:00,55.297635,2025-06-04 00:30:00,54.071874,-21.84496820191105,-2.325441639502302,stopped,trending,87,4.083333333333333
POLUSDT,short,2025-06-03 21:55:00,0.21361314,2025-06-04 01:00:00,0.21617596,-23.215173051879955,-1.3104081541987507,stopped,trending,87,3.0833333333333335
JUPUSDT,short,2025-06-03 21:05:00,0.54642665,2025-06-04 03:10:00,0.5461526170350249,-0.6551614812493073,-0.059822417499985465,stopped,trending,89,6.083333333333333
TAOUSDT,short,2025-06-03 18:00:00,389.075365,2025-06-04 03:25:00,395.86546999999996,-22.582674939186994,-1.8561500184546467,stopped,trending,88,9.416666666666666
QNTUSDT,long,2025-06-09 00:00:00,119.589765,2025-06-09 00:50:00,118.42146000000001,-23.24336600809925,-1.0863899379265354,stopped,trending,87,0.8333333333333334
TRXUSDT,long,2025-06-09 00:20:00,0.28188086999999995,2025-06-09 04:35:00,0.284647605,31.131466679182886,0.48860250503166386,completed,trending,86,4.25
DOTUSDT,short,2025-06-09 00:25:00,4.0169905,2025-06-09 09:10:00,4.01497597926425,11.240254681317712,0.43072944356174186,stopped,trending,85,8.75
ARBUSDT,short,2025-06-09 00:00:00,0.3420289,2025-06-09 09:30:00,0.34396807445,5.679688255596071,0.2821569431782756,stopped,trending,86,9.5
VETUSDT,short,2025-06-09 00:55:00,0.024035976,2025-06-09 09:40:00,0.024160123987999996,5.154451843479871,0.23125968091873267,stopped,trending,87,8.75
ALGOUSDT,short,2025-06-09 04:35:00,0.1893053,2025-06-09 09:40:00,0.19091071999999998,-24.189870433134104,-0.9585250972899165,stopped,trending,91,5.083333333333333
QNTUSDT,long,2025-06-09 11:15:00,119.309625,2025-06-09 12:00:00,118.06182000000001,-22.98647342388272,-1.155279211337715,stopped,trending,91,0.75
TONUSDT,long,2025-06-09 12:20:00,3.2097040499999996,2025-06-09 13:35:00,3.2113040874689247,-1.2698790102108715,-0.06017741749999628,stopped,trending,86,1.25
UNIUSDT,long,2025-06-09 11:45:00,6.5162565,2025-06-09 13:55:00,6.4193742,-21.65832240339881,-1.5959607619037075,stopped,trending,88,2.1666666666666665
JUPUSDT,short,2025-06-09 13:30:00,0.46606685000000003,2025-06-09 15:05:00,0.465833117474725,12.135539817195799,0.7252575725900697,stopped,trending,95,1.5833333333333333
AAVEUSDT,long,2025-06-09 11:15:00,257.778825,2025-06-09 19:25:00,268.555655,38.920772002255084,2.499660444491522,completed,trending,96,8.166666666666666
ZECUSDT,long,2025-06-10 01:55:00,51.185579999999995,2025-06-10 03:35:00,50.564385,-22.4182173029299,-1.3229457998717473,stopped,trending,88,1.6666666666666667
UNIUSDT,long,2025-06-10 02:05:00,7.0625295,2025-06-10 11:30:00,7.60829395,40.155560941055356,4.726489935015491,completed,trending,90,9.416666666666666
AAVEUSDT,long,2025-06-10 05:20:00,291.295575,2025-06-10 11:30:00,309.015415,39.3146064304455,3.691660018754156,completed,trending,88,6.166666666666667
ZECUSDT,long,2025-06-10 13:00:00,52.015995,2025-06-10 13:25:00,51.254694,-22.423405117024824,-1.5727852152977098,stopped,trending,96,0.4166666666666667
QNTUSDT,long,2025-06-10 12:15:00,123.591765,2025-06-10 14:20:00,122.3983616175,4.720824681171414,0.42038734179028153,stopped,high_volatility,92,2.0833333333333335
TAOUSDT,long,2025-06-10 04:10:00,429.884835,2025-06-10 14:25:00,429.7770413776238,12.193786490655846,1.0021838320798273,stopped,trending,88,10.25
AAVEUSDT,long,2025-06-10 13:30:00,312.06595500000003,2025-06-10 15:30:00,303.74595,-20.778528547779104,-2.774638312516352,stopped,trending,96,2.0
ARBUSDT,long,2025-06-10 14:20:00,0.3973986,2025-06-10 15:30:00,0.38815146,-21.069576937849718,-2.435638306979438,stopped,trending,87,1.1666666666666667
ZECUSDT,long,2025-06-10 15:30:00,51.875924999999995,2025-06-10 17:05:00,51.9017851486125,-0.6436152788611607,-0.06017741749999685,stopped,trending,90,1.5833333333333333
TRXUSDT,long,2025-06-10 11:40:00,0.28946466,2025-06-11 00:55:00,0.28917519533999997,23.4798571299585,0.7022013190617543,stopped,trending,96,13.25
QNTUSDT,long,2025-06-11 05:30:00,124.252095,2025-06-11 06:15:00,122.98689,-23.57421224769732,-1.1276964317985902,stopped,trending,88,0.75
UNIUSDT,long,2025-06-10 14:30:00,8.155075499999999,2025-06-11 09:50:00,8.159140805136747,13.963236955978505,2.6768204501688824,stopped,trending,92,19.333333333333332
ZECUSDT,long,2025-06-11 12:15:00,49.254614999999994,2025-06-11 12:35:00,50.3058345,37.122464446039565,1.212639105767066,completed,trending,90,0.3333333333333333
QNTUSDT,long,2025-06-11 11:45:00,119.97995999999999,2025-06-11 13:35:00,120.03977001006,-0.9653486431993381,-0.06017741749999587,stopped,trending,92,1.8333333333333333
TRXUSDT,long,2025-06-11 10:00:00,0.291575715,2025-06-11 14:10:00,0.28970001,-26.47010436201207,-0.7529456452674754,stopped,trending,99,4.166666666666667
ARBUSDT,long,2025-06-10 15:45:00,0.3935967,2025-06-11 15:35:00,0.42525726500000005,40.415459531252424,4.924996059113305,completed,trending,85,23.833333333333332
ARBUSDT,long,2025-06-11 15:35:00,0.4250124,2025-06-11 16:05:00,0.41611347,-21.653552159952717,-2.202653199883116,stopped,trending,87,0.5
AAVEUSDT,long,2025-06-11 12:50:00,311.51568,2025-06-11 17:50:00,308.29423716,4.895079811805204,0.4696874603249653,stopped,high_volatility,86,5.0
RENDERUSDT,long,2025-06-11 14:35:00,4.0520249999999995,2025-06-11 17:50:00,3.9862098,-21.830201956650832,-1.7333611994002858,stopped,trending,89,3.25
ARBUSDT,long,2025-06-11 16:05:00,0.41650814999999997,2025-06-11 18:15:00,0.40726232999999995,-21.293217856290692,-2.32862040370639,stopped,trending,90,2.1666666666666665
ZECUSDT,long,2025-06-11 13:35:00,51.005489999999995,2025-06-11 18:20:00,50.047902,-21.749118753292382,-1.986388848729802,stopped,trending,91,4.75
RENDERUSDT,short,2025-06-12 06:20:00,3.7431275000000004,2025-06-12 14:10:00,3.7988950999999997,-21.677611107563337,-1.6006858550770542,stopped,trending,89,7.833333333333333
APTUSDT,short,2025-06-12 08:10:00,4.90044855,2025-06-12 16:20:00,4.897990975052175,-0.9241087644234656,-0.05982241749999881,stopped,trending,86,8.166666666666666
VETUSDT,short,2025-06-12 08:00:00,0.024325831,2025-06-12 16:25:00,0.024313631595753497,-0.973214362821985,-0.05982241749999265,stopped,trending,87,8.416666666666666
XMRUSDT,short,2025-06-12 14:30:00,322.39872,2025-06-12 16:25:00,326.59626999999995,-21.86726167716627,-1.4126908582329114,stopped,trending,85,1.9166666666666667
DOTUSDT,short,2025-06-12 07:30:00,4.0949515000000005,2025-06-12 17:35:00,4.09289788182275,12.30505595325678,0.7438685878178141,stopped,trending,88,10.083333333333334
AAVEUSDT,long,2025-06-12 16:20:00,301.3506,2025-06-12 19:40:00,298.75624469999997,7.032866769042351,0.5766830846553861,stopped,trending,85,3.3333333333333335
TONUSDT,short,2025-06-13 10:40:00,2.9605190000000006,2025-06-13 14:30:00,2.9590342997215004,-0.8928556521731351,-0.05982241749999605,stopped,trending,86,3.8333333333333335
ALGOUSDT,short,2025-06-13 17:50:00,0.17881055,2025-06-13 18:05:00,0.17872087650917498,-0.796374772748821,-0.05982241749998219,stopped,trending,87,0.25
UNIUSDT,long,2025-06-13 23:10:00,7.6268115,2025-06-14 03:55:00,7.4734191,-20.530097246559222,-2.1201196178770054,stopped,trending,88,4.75
ZECUSDT,short,2025-06-13 18:00:00,45.107435,2025-06-14 04:05:00,45.08481362134749,12.866264563820772,1.3475004833579851,stopped,trending,91,10.083333333333334
AAVEUSDT,long,2025-06-13 23:45:00,289.194525,2025-06-14 06:55:00,283.92579,-20.753675887327184,-1.930863377600248,stopped,trending,86,7.166666666666667
JUPUSDT,short,2025-06-14 16:30:00,0.40389795000000006,2025-06-14 18:05:00,0.40936895999999995,-21.3272445940947,-1.465297558578816,stopped,trending,87,1.5833333333333333
DOTUSDT,short,2025-06-14 16:15:00,3.7491245,2025-06-14 20:00:00,3.74724431406325,-1.2332185550744097,-0.05982241749999139,stopped,trending,89,3.75
ARBUSDT,short,2025-06-14 15:55:00,0.33393295,2025-06-14 21:20:00,0.333765482625575,11.944241163551164,0.7523727239975766,stopped,trending,87,5.416666666666667
APTUSDT,short,2025-06-14 20:00:00,4.40529625,2025-06-14 21:45:00,4.468363899999999,-20.888697542941625,-1.5424198334561252,stopped,trending,98,1.75
ALGOUSDT,short,2025-06-14 18:05:00,0.17681155,2025-06-14 22:05:00,0.17792352077499998,5.859109627076402,0.34343633965761616,stopped,trending,85,4.0
TONUSDT,short,2025-06-14 16:00:00,2.9466259500000005,2025-06-15 00:55:00,2.963423437975,5.538968302221987,0.28517594312598415,stopped,trending,93,8.916666666666666
ONDOUSDT,short,2025-06-15 09:15:00,0.7760118,2025-06-15 10:15:00,0.7827719899999999,-22.987584614561975,-0.9816243882502603,stopped,trending,87,1.0
VETUSDT,short,2025-06-15 06:15:00,0.022230879000000002,2025-06-15 11:05:00,0.02223642004659075,9.786602321859732,0.3858466575559885,stopped,trending,90,4.833333333333333
ALGOUSDT,short,2025-06-15 09:35:00,0.17431280000000002,2025-06-15 11:05:00,0.17584566999999998,-22.93561794925938,-0.9898625680385859,stopped,trending,89,1.5
LTCUSDT,short,2025-06-15 10:15:00,85.19738,2025-06-15 12:50:00,85.742657,-24.77321801388674,-0.750368169009421,stopped,trending,91,2.5833333333333335
ARBUSDT,short,2025-06-15 08:20:00,0.3274362,2025-06-15 13:45:00,0.33116082999999996,-21.724683489839972,-1.2481388333055266,stopped,trending,87,5.416666666666667
AAVEUSDT,long,2025-06-16 04:00:00,277.95891,2025-06-16 07:30:00,291.424215,35.85656495117517,2.9142626658649,completed,trending,91,3.5
TRXUSDT,short,2025-06-16 05:05:00,0.27028479,2025-06-16 07:35:00,0.27181153999999996,-25.027110962828313,-0.6751778305763951,stopped,trending,89,2.5
AAVEUSDT,long,2025-06-16 07:35:00,288.28407,2025-06-16 11:15:00,282.83688,-19.325899438269598,-1.998482442161989,stopped,trending,92,3.6666666666666665
UNIUSDT,long,2025-06-16 04:00:00,7.3586775,2025-06-16 12:45:00,7.8418771000000005,36.37206144771535,3.9962242292314167,completed,trending,92,8.75
ARBUSDT,short,2025-06-16 09:05:00,0.33913035,2025-06-16 13:55:00,0.33946948034999996,21.305197680095883,0.7687270279883601,stopped,trending,85,4.833333333333333
TONUSDT,short,2025-06-16 08:30:00,3.01679085,2025-06-16 14:15:00,3.017542785119362,8.566425681322018,0.2837391585137912,stopped,trending,86,5.75
AAVEUSDT,long,2025-06-16 13:55:00,292.04594999999995,2025-06-16 14:40:00,287.16255,-20.04071456544816,-1.781214454437714,stopped,trending,87,0.75
UNIUSDT,long,2025-06-16 12:45:00,7.855926,2025-06-16 22:35:00,7.6911012,-19.302064830454956,-2.2069411672156773,stopped,trending,87,9.833333333333334
AAVEUSDT,long,2025-06-16 15:05:00,288.12399,2025-06-16 22:35:00,282.48722999999995,-19.551516803284567,-2.065290075637242,stopped,trending,85,7.5
TRXUSDT,long,2025-06-16 14:50:00,0.279709785,2025-06-16 23:45:00,0.27388584,-19.42540568328362,-2.1909932803208862,stopped,high_volatility,85,8.916666666666666
ZECUSDT,short,2025-06-16 12:00:00,45.23737,2025-06-17 00:00:00,42.173076,36.3171136348744,4.132014857638716,completed,trending,95,12.0
LTCUSDT,short,2025-06-17 12:00:00,85.067445,2025-06-17 14:10:00,85.850765,-21.848595122256306,-1.0313287480304472,stopped,trending,89,2.1666666666666665
LTCUSDT,short,2025-06-17 14:30:00,85.43726000000001,2025-06-17 16:50:00,82.7463525,34.775669101246876,1.852635500175814,completed,trending,88,2.3333333333333335
VETUSDT,short,2025-06-17 11:45:00,0.0218880505,2025-06-17 17:10:00,0.021142566,35.453141485427906,2.0135312813948447,completed,trending,85,5.416666666666667
POLUSDT,short,2025-06-17 16:50:00,0.19388301000000002,2025-06-17 19:00:00,0.19683663999999998,-20.113300669788334,-1.6342462433918046,stopped,trending,87,2.1666666666666665
APTUSDT,short,2025-06-17 17:20:00,4.4267855,2025-06-17 19:15:00,4.5049003999999995,-20.13858376383882,-1.8755669829721635,stopped,trending,96,1.9166666666666667
QNTUSDT,short,2025-06-17 11:45:00,101.279335,2025-06-17 19:25:00,101.38061433499999,23.712849690115775,1.69910855927634,stopped,trending,96,7.666666666666667
ZECUSDT,short,2025-06-17 19:00:00,40.99949000000001,2025-06-17 19:45:00,41.663622,-20.124107392432155,-1.7307452156111889,stopped,trending,93,0.75
JUPUSDT,short,2025-06-17 19:55:00,0.40149915,2025-06-18 01:00:00,0.40129779817627503,-0.667728904232728,-0.05982241750000165,stopped,trending,88,5.083333333333333
FILUSDT,short,2025-06-17 20:10:00,2.4147920000000003,2025-06-18 01:05:00,2.4135809818119998,-0.828115410373304,-0.0598224174999788,stopped,trending,85,4.916666666666667
QNTUSDT,short,2025-06-17 20:10:00,100.81956500000001,2025-06-18 01:15:00,101.84173999999999,-21.539839626893265,-1.1244233376229862,stopped,trending,85,5.083333333333333
DOTUSDT,short,2025-06-17 11:55:00,3.7711135000000002,2025-06-18 04:45:00,3.7748846135,23.055072288098437,1.287586120731059,stopped,trending,85,16.833333333333332
LTCUSDT,short,2025-06-18 13:15:00,83.568195,2025-06-18 13:55:00,84.386302,-21.699834629059193,-1.0895077647064144,stopped,trending,87,0.6666666666666666
ARBUSDT,short,2025-06-18 13:30:00,0.29075455,2025-06-18 13:55:00,0.2959957,-19.67597739873501,-1.9135943487384712,stopped,trending,87,0.4166666666666667
FILUSDT,short,2025-06-18 13:30:00,2.31884,2025-06-18 13:55:00,2.3516492999999996,-20.312807731829142,-1.5256796120042704,stopped,trending,91,0.4166666666666667
POLUSDT,short,2025-06-18 13:30:00,0.18759615500000001,2025-06-18 14:00:00,0.19009990999999998,-20.4945849909991,-1.4453856134471244,stopped,trending,87,0.5
UNIUSDT,long,2025-06-19 04:00:00,7.676836499999999,2025-06-19 07:50:00,7.68066340299525,-0.5011688081213101,-0.060177417499996916,stopped,trending,87,3.8333333333333335
UNIUSDT,long,2025-06-19 08:15:00,7.769882999999999,2025-06-19 13:45:00,7.6199724,-18.546658020283807,-2.038319244575488,stopped,trending,88,5.5
AAVEUSDT,short,2025-06-19 12:50:00,262.878495,2025-06-19 14:15:00,251.48568,34.56669788154393,2.597558494685919,completed,trending,85,1.4166666666666667
ONDOUSDT,short,2025-06-19 14:15:00,0.7678159,2025-06-19 17:35:00,0.7674308403261499,-0.7762590579707075,-0.059822417499993195,stopped,trending,85,3.3333333333333335
RENDERUSDT,short,2025-06-19 15:25:00,3.1934025,2025-06-19 19:00:00,3.1918010086462494,-0.8219705380134276,-0.05982241749998311,stopped,trending,85,3.5833333333333335
AAVEUSDT,short,2025-06-19 15:25:00,252.39374000000004,2025-06-19 22:45:00,256.78652999999997,-19.0046844774241,-1.8514084970966131,stopped,trending,85,7.333333333333333
JUPUSDT,short,2025-06-19 05:30:00,0.41249365000000004,2025-06-20 04:40:00,0.39520750499999996,34.5032570282369,2.5074545946222546,completed,trending,86,23.166666666666668
APTUSDT,short,2025-06-19 19:30:00,4.3676151,2025-06-20 06:00:00,4.36542474102735,-0.797169308965156,-0.059822417499990656,stopped,trending,97,10.5
TAOUSDT,short,2025-06-19 17:35:00,349.72505,2025-06-20 07:20:00,349.8122189687125,11.061300523380563,1.0411324360886827,stopped,trending,90,13.75
RENDERUSDT,short,2025-06-20 13:15:00,3.2153915000000004,2025-06-20 13:30:00,3.2137789811627497,-1.562371915815365,-0.059822417499979325,stopped,trending,85,0.25
VETUSDT,short,2025-06-20 13:30:00,0.021955017,2025-06-20 14:40:00,0.021570779999999998,32.17707657690817,0.9712747034197309,completed,trending,91,1.1666666666666667
ARBUSDT,short,2025-06-20 12:00:00,0.307846,2025-06-20 14:50:00,0.29887936499999995,34.34678791274848,1.7025973108469934,completed,trending,88,2.8333333333333335
AAVEUSDT,short,2025-06-20 14:00:00,262.758555,2025-06-20 14:55:00,256.22805,33.77917441127907,1.433811712286591,completed,trending,88,0.9166666666666666
XMRUSDT,short,2025-06-20 10:50:00,316.791525,2025-06-20 17:15:00,306.83333999999996,34.584698432321574,1.847980447417272,completed,trending,88,6.416666666666667
TAOUSDT,short,2025-06-20 15:00:00,341.62910000000005,2025-06-20 20:35:00,345.18939455,7.262356472654106,0.757325558404955,stopped,trending,87,5.583333333333333
POLUSDT,short,2025-06-21 10:30:00,0.186516695,2025-06-21 15:45:00,0.181380645,36.97762623368958,1.6028950271448974,completed,trending,89,5.25
VETUSDT,short,2025-06-20 15:00:00,0.021312338500000003,2025-06-21 18:20:00,0.020344167,37.54589729804147,2.729306134542695,completed,trending,87,27.333333333333332
ONDOUSDT,short,2025-06-20 15:00:00,0.7498249,2025-06-21 18:45:00,0.7114555499999999,37.79517717699243,3.0897266344682586,completed,trending,87,27.75
QNTUSDT,short,2025-06-20 17:15:00,97.25135,2025-06-21 19:30:00,91.939947,38.6474347599404,3.306337597837978,completed,trending,86,26.25
TAOUSDT,short,2025-06-21 18:25:00,324.79752,2025-06-21 21:20:00,306.63324,40.40554545616403,3.387600945990912,completed,trending,89,2.9166666666666665
DOTUSDT,short,2025-06-21 15:50:00,3.4032975,2025-06-21 21:25:00,3.2943463499999996,38.239330179273175,1.8847691271626974,completed,trending,93,5.583333333333333
QNTUSDT,short,2025-06-21 21:30:00,89.73511,2025-06-21 22:50:00,91.458367,-23.196817442550877,-2.031438321466358,stopped,trending,87,1.3333333333333333
RENDERUSDT,short,2025-06-21 19:45:00,2.9165410000000005,2025-06-21 23:55:00,2.9418594204999997,7.58930581035022,0.5829458275012467,stopped,trending,88,4.166666666666667
ALGOUSDT,short,2025-06-21 22:50:00,0.15962015000000002,2025-06-22 00:00:00,0.16278261999999996,-22.860959418841336,-2.0923370410940882,stopped,trending,96,1.1666666666666667
ARBUSDT,short,2025-06-21 18:45:00,0.27836075000000005,2025-06-22 00:45:00,0.280865960375,7.529238719078952,0.614224043268292,stopped,trending,86,6.0
XMRUSDT,short,2025-06-21 21:30:00,306.88648000000006,2025-06-22 06:20:00,311.42111,-23.967706414417613,-1.5884372535733524,stopped,trending,91,8.833333333333334
ZECUSDT,short,2025-06-22 07:30:00,38.450765000000004,2025-06-22 12:55:00,38.4314819413525,-0.7064860633411769,-0.059822417499993334,stopped,trending,96,5.416666666666667
APTUSDT,short,2025-06-22 00:05:00,4.1321329,2025-06-22 20:05:00,3.779889,43.554915845069715,5.232022275372617,completed,trending,88,20.0
AAVEUSDT,short,2025-06-21 23:55:00,234.43272500000003,2025-06-22 20:15:00,213.51670499999997,44.10830864103556,5.484068155213847,completed,trending,90,20.333333333333332
JUPUSDT,short,2025-06-22 12:55:00,0.3496251,2025-06-22 20:15:00,0.32691337499999995,42.78222736435647,3.956725261451494,completed,trending,87,7.333333333333333
JUPUSDT,short,2025-06-22 20:15:00,0.32723630000000004,2025-06-22 20:40:00,0.33519485999999993,-23.48749732033746,-2.5433905523317217,stopped,trending,87,0.4166666666666667
AAVEUSDT,short,2025-06-22 20:30:00,215.762065,2025-06-22 20:50:00,221.17094999999998,-23.427196516271835,-2.618253657448991,stopped,trending,90,0.3333333333333333
QNTUSDT,short,2025-06-22 20:50:00,87.59618,2025-06-22 22:40:00,89.664575,-23.034706289300303,-2.4725831825657183,stopped,trending,96,1.8333333333333333
FILUSDT,short,2025-06-22 20:35:00,2.0139925,2025-06-22 23:15:00,2.0715695,-23.18740903259243,-2.9704211460568875,stopped,trending,90,2.6666666666666665
DOTUSDT,short,2025-06-22 20:40:00,3.0904540000000003,2025-06-23 00:40:00,3.1720688999999993,-23.07340180598144,-2.752323367213977,stopped,trending,90,4.0
APTUSDT,short,2025-06-23 14:50:00,4.03528135,2025-06-23 15:25:00,4.0332576564029745,-0.7796161730279422,-0.059822417499988165,stopped,trending,88,0.5833333333333334
ARBUSDT,short,2025-06-23 15:15:00,0.2736631,2025-06-23 17:20:00,0.27373131052767496,13.719213014665675,1.2998093751559556,stopped,trending,88,2.0833333333333335
RENDERUSDT,short,2025-06-23 15:15:00,2.888555,2025-06-23 17:30:00,2.891443555,28.84649475598689,2.857978124172824,stopped,trending,86,2.25
DOTUSDT,short,2025-06-23 15:30:00,3.2393795,2025-06-23 17:30:00,3.2377549511807495,13.885951445114332,1.091866771184135,stopped,trending,91,2.0
UNIUSDT,short,2025-06-22 00:45:00,6.528734,2025-06-23 18:40:00,6.535262733999999,29.574487907168344,4.401455692148906,stopped,trending,96,41.916666666666664
APTUSDT,long,2025-06-24 18:05:00,4.9354664999999995,2025-06-25 04:35:00,4.937926830050249,-0.34553105389765554,-0.06017741750001049,stopped,trending,85,10.5
TONUSDT,short,2025-06-25 16:00:00,2.8341822,2025-06-25 23:40:00,2.8327608576266994,-1.221920482554047,-0.059822417499982565,stopped,trending,87,7.666666666666667
POLUSDT,short,2025-06-25 17:10:00,0.17799096,2025-06-26 00:00:00,0.17790169753355997,-1.0653300085301032,-0.05982241749998196,stopped,trending,89,6.833333333333333
APTUSDT,long,2025-06-25 17:05:00,4.699848749999999,2025-06-26 00:45:00,4.96281735,44.4905445378997,3.386654220154443,completed,trending,88,7.666666666666667
TAOUSDT,short,2025-06-25 15:45:00,331.93395000000004,2025-06-26 03:00:00,331.767485124075,14.778579646200917,1.416671361329096,stopped,trending,96,11.25
TAOUSDT,short,2025-06-26 13:00:00,320.109865,2025-06-26 15:45:00,319.9493299027025,-0.9672791391119596,-0.059822417500000793,stopped,trending,96,2.75
DOTUSDT,short,2025-06-26 13:00:00,3.2993495000000004,2025-06-26 18:00:00,3.29769487622575,-1.3160795469401143,-0.059822417499991,stopped,trending,88,5.0
ONDOUSDT,short,2025-06-26 13:00:00,0.74152905,2025-06-26 18:20:00,0.7411571731814249,-1.0316963572311422,-0.0598224174999879,stopped,trending,88,5.333333333333333
RENDERUSDT,short,2025-06-26 18:00:00,2.966516,2025-06-26 19:30:00,3.0152121999999997,-24.748421383877243,-1.7524311518966944,stopped,trending,85,1.5
AAVEUSDT,short,2025-06-26 13:00:00,254.75256000000002,2025-06-26 19:45:00,254.62480159115998,-0.9379357829726854,-0.05982241749998531,stopped,trending,87,6.75
FILUSDT,short,2025-06-26 15:45:00,2.2058965,2025-06-26 20:35:00,2.2377355,-25.201269788577125,-1.5541525905680402,stopped,trending,85,4.833333333333333
APTUSDT,long,2025-06-27 08:55:00,5.1877926,2025-06-27 10:05:00,5.0583366,-23.054908450562372,-2.6040241288751647,stopped,trending,88,1.1666666666666667
XMRUSDT,short,2025-06-27 09:45:00,307.92596,2025-06-27 14:30:00,307.7715351310599,-1.1659297784036895,-0.05982241749998224,stopped,trending,90,4.75
ZECUSDT,short,2025-06-27 11:15:00,38.730625,2025-06-27 15:35:00,38.7112015915625,-1.1073150157102247,-0.05982241749998966,stopped,trending,85,4.333333333333333
XMRUSDT,short,2025-06-27 15:00:00,302.938455,2025-06-27 15:45:00,307.10679999999996,-24.47775368401767,-1.4867276887148542,stopped,trending,87,0.75
ZECUSDT,short,2025-06-28 03:50:00,37.68115,2025-06-28 14:50:00,38.183144999999996,-24.30064911034221,-1.4429505528626212,stopped,trending,88,11.0
XMRUSDT,short,2025-06-28 13:15:00,307.656095,2025-06-28 17:35:00,307.5018054683575,-0.7992368703069197,-0.059822417499993896,stopped,trending,96,4.333333333333333
QNTUSDT,long,2025-06-28 04:00:00,104.73234000000001,2025-06-28 17:45:00,108.53570500000001,42.456601949475214,2.1555602424236877,completed,trending,85,13.75
APTUSDT,long,2025-06-28 23:30:00,4.8426201,2025-06-29 00:05:00,4.7961990000000005,-25.97865957642048,-1.068067480763149,stopped,trending,86,0.5833333333333334
UNIUSDT,long,2025-06-28 16:35:00,7.104550499999999,2025-06-29 01:45:00,7.0254674999999995,-24.69757886922432,-1.2225194246982947,stopped,trending,89,9.166666666666666
QNTUSDT,long,2025-06-28 20:00:00,109.33464,2025-06-29 02:05:00,108.02186999999999,-24.85549084944117,-1.3100295391286794,stopped,trending,88,6.083333333333333
ZECUSDT,short,2025-06-28 23:30:00,39.070455,2025-06-29 07:05:00,39.49946,-25.3411362696108,-1.2086331046055043,stopped,trending,92,7.583333333333333
APTUSDT,long,2025-06-29 23:30:00,4.9632803999999995,2025-06-30 00:50:00,4.8926025,-23.016653072278224,-1.5332326498216735,stopped,trending,89,1.3333333333333333
UNIUSDT,long,2025-06-29 23:30:00,7.420708499999999,2025-06-30 02:00:00,7.305687,-22.74280514887531,-1.6591544799933757,stopped,trending,87,2.5
ARBUSDT,long,2025-06-29 23:30:00,0.37278629999999996,2025-06-30 02:35:00,0.35803161,-20.946615229465092,-4.065771690241824,stopped,trending,96,3.0833333333333335
AAVEUSDT,long,2025-06-29 22:15:00,275.59772999999996,2025-06-30 06:45:00,271.47825,-22.856831924330226,-1.6039216973956767,stopped,trending,87,8.5
APTUSDT,long,2025-06-30 19:15:00,4.83991875,2025-07-01 03:40:00,4.838705140373437,12.24012450311891,0.9080161833939038,stopped,trending,92,8.416666666666666
ZECUSDT,short,2025-06-30 18:45:00,38.88055,2025-07-01 05:15:00,37.2596205,39.32314823969574,2.493567847619185,completed,trending,86,10.5
ALGOUSDT,long,2025-07-01 00:55:00,0.18789389999999997,2025-07-01 07:15:00,0.18419561999999998,-21.103729528422864,-2.077198480631888,stopped,trending,85,6.333333333333333
RENDERUSDT,short,2025-07-01 03:20:00,3.1734125,2025-07-01 18:30:00,3.039519,39.345333815198714,2.5245236268449203,completed,trending,85,15.166666666666666
TAOUSDT,short,2025-07-01 07:25:00,332.21381,2025-07-01 18:55:00,319.789815,39.662294895250554,2.224015347661202,completed,trending,90,11.5
VETUSDT,short,2025-07-01 18:55:00,0.020327831,2025-07-02 05:15:00,0.020578557999999997,-23.853902095127793,-1.3440957569452232,stopped,trending,88,10.333333333333334
ONDOUSDT,short,2025-07-01 05:00:00,0.7570213,2025-07-02 05:40:00,0.7577783212999999,25.424567261471307,1.3152404963746889,stopped,trending,85,24.666666666666668
JUPUSDT,short,2025-07-01 18:35:00,0.4307845,2025-07-02 06:10:00,0.4343761922499999,7.372681354539126,0.54871362990226,stopped,trending,90,11.583333333333334
ARBUSDT,long,2025-07-02 06:20:00,0.3389694,2025-07-02 10:00:00,0.3391383762459,-0.5077137167186538,-0.06017741749999708,stopped,trending,96,3.6666666666666665
VETUSDT,short,2025-07-02 11:35:00,0.020705642,2025-07-02 13:00:00,0.020695258120536998,-1.7078137939108324,-0.059822417499992044,stopped,trending,86,1.4166666666666667
RENDERUSDT,short,2025-07-02 09:45:00,3.1654165,2025-07-02 13:35:00,3.166205480062625,10.84412143274958,0.37142122226792,stopped,trending,91,3.8333333333333335
FILUSDT,short,2025-07-01 05:50:00,2.2578705,2025-07-02 13:45:00,2.2601283705,26.201154005890476,1.4347718891205425,stopped,trending,87,31.916666666666668
TAOUSDT,short,2025-07-02 10:10:00,324.91746,2025-07-02 14:55:00,324.75451389380993,-1.1527577715599975,-0.05982241749997629,stopped,trending,86,4.75
TRXUSDT,long,2025-07-02 14:10:00,0.2823411,2025-07-02 15:00:00,0.28087884,-30.80551112615891,-0.6276206216523181,stopped,trending,89,0.8333333333333334
AAVEUSDT,long,2025-07-02 14:15:00,266.41313999999994,2025-07-02 16:15:00,278.08089000000007,42.52975390281442,2.622574238399084,completed,trending,85,2.0
JUPUSDT,long,2025-07-02 16:50:00,0.45152564999999995,2025-07-02 17:45:00,0.44323632,-23.09996526076123,-1.9448394755646616,stopped,trending,85,0.9166666666666666
AAVEUSDT,long,2025-07-02 17:35:00,277.9389,2025-07-03 03:50:00,272.74698,-23.05460867144947,-1.9769802766003541,stopped,trending,86,10.25
ARBUSDT,long,2025-07-02 16:30:00,0.35187585,2025-07-03 10:15:00,0.352051260111225,-0.5612948327982179,-0.06017741749999541,stopped,trending,87,17.75
APTUSDT,long,2025-07-02 17:50:00,4.7567772,2025-07-03 12:30:00,4.7591484534342,-0.7729319589983752,-0.06017741750000061,stopped,trending,85,18.666666666666668
JUPUSDT,long,2025-07-03 03:50:00,0.464232,2025-07-03 12:35:00,0.46376776799999997,27.948175466000052,2.080292052754877,stopped,trending,88,8.75
QNTUSDT,long,2025-07-02 13:00:00,107.99396999999999,2025-07-03 13:20:00,108.04780499404498,13.35077388677943,0.8547197618062762,stopped,trending,85,24.333333333333332
QNTUSDT,long,2025-07-04 00:30:00,109.03448999999999,2025-07-04 06:10:00,108.14175,-26.54867735628795,-0.9283181239257315,stopped,trending,83,5.666666666666667
POLUSDT,short,2025-07-04 04:45:00,0.18619685500000002,2025-07-04 07:50:00,0.18131060999999998,41.006600441264155,1.523214281250903,completed,trending,95,3.0833333333333335
VETUSDT,short,2025-07-04 06:00:00,0.0216341775,2025-07-04 14:15:00,0.0208754325,42.081362182539245,2.078030750129056,completed,trending,85,8.25
TAOUSDT,short,2025-07-04 06:30:00,330.264785,2025-07-04 14:20:00,317.90887499999997,41.73022301379237,2.2241341166679494,completed,trending,85,7.833333333333333
TONUSDT,short,2025-07-04 02:00:00,2.8355815000000004,2025-07-04 16:05:00,2.7658822499999998,40.711007520450735,1.4177243073510866,completed,trending,86,14.083333333333334
TAOUSDT,short,2025-07-04 14:20:00,320.37973000000005,2025-07-04 21:50:00,324.61429,-25.302945210909545,-1.4324585113421284,stopped,trending,88,7.5
RENDERUSDT,short,2025-07-04 14:20:00,3.1594195000000003,2025-07-04 22:20:00,3.1578350511207502,14.448403453009389,0.9074604839771013,stopped,trending,90,8.0
JUPUSDT,short,2025-07-04 16:20:00,0.42978500000000003,2025-07-04 22:30:00,0.43671627999999996,-25.05350905872393,-1.7236189499400696,stopped,trending,85,6.166666666666667
QNTUSDT,long,2025-07-05 04:45:00,108.364155,2025-07-05 05:15:00,107.45244,-27.686572255822593,-0.9508809691267384,stopped,trending,85,0.5
ALGOUSDT,short,2025-07-04 08:20:00,0.1751124,2025-07-05 06:15:00,0.1750245811314,13.632968345193872,0.776836450824656,stopped,trending,89,21.916666666666668
TONUSDT,short,2025-07-05 02:30:00,2.7230378,2025-07-05 06:20:00,2.7449421999999997,-28.090320654280312,-0.9148528529423825,stopped,trending,87,3.8333333333333335
XMRUSDT,short,2025-07-05 11:10:00,311.94395000000003,2025-07-05 14:00:00,313.88356999999996,-29.755800113008753,-0.7321267605927069,stopped,trending,89,2.8333333333333335
AAVEUSDT,long,2025-07-05 04:15:00,267.81383999999997,2025-07-05 16:35:00,267.54602616,28.251503335342495,1.1687093777985624,stopped,trending,87,12.333333333333334
TRXUSDT,long,2025-07-05 16:20:00,0.2847423,2025-07-05 16:35:00,0.28355616,-34.694819975594626,-0.5263370257949037,stopped,trending,85,0.25
FILUSDT,short,2025-07-05 18:30:00,2.216891,2025-07-05 20:35:00,2.2387365,-25.8011455526869,-1.0959535279361938,stopped,trending,96,2.0833333333333335
VETUSDT,short,2025-07-05 14:00:00,0.020631679000000003,2025-07-05 20:45:00,0.020621332212981503,-1.5048306072007165,-0.059822417499998386,stopped,trending,87,6.75
DOTUSDT,short,2025-07-05 17:30:00,3.326336,2025-07-05 21:20:00,3.3545511999999995,-26.70774546657996,-0.9587031484492111,stopped,trending,91,3.8333333333333335
ZECUSDT,short,2025-07-06 10:00:00,37.871055000000005,2025-07-06 12:35:00,38.217178999999994,-25.554778206311347,-1.0244566165373237,stopped,trending,87,2.5833333333333335
TRXUSDT,long,2025-07-06 15:05:00,0.28516251,2025-07-06 17:00:00,0.28388583,-32.07793408953973,-0.5574563735604567,stopped,trending,89,1.9166666666666667
UNIUSDT,long,2025-07-06 14:35:00,7.417706999999999,2025-07-06 18:45:00,7.314178500000001,-23.238936811182395,-1.5049264823347508,stopped,trending,90,4.166666666666667
AAVEUSDT,long,2025-07-06 15:30:00,276.77831999999995,2025-07-06 18:45:00,273.55617,-23.944292325330288,-1.2735224238299963,stopped,trending,89,3.25
QNTUSDT,long,2025-07-06 15:15:00,109.21457999999998,2025-07-06 18:50:00,108.10179,-24.56828445209027,-1.1283420249384193,stopped,trending,85,3.5833333333333335
VETUSDT,short,2025-07-06 17:00:00,0.020841574,2025-07-06 20:00:00,0.020831121950639,12.187224299510198,0.5086572163123391,stopped,trending,95,3.0
DOTUSDT,short,2025-07-07 12:40:00,3.374312,2025-07-07 13:25:00,3.3992959,-25.416071036427734,-0.8508218666501384,stopped,trending,89,0.75
VETUSDT,short,2025-07-07 12:35:00,0.0205946975,2025-07-07 13:30:00,0.02076074,-24.831229454120546,-0.9166825131808877,stopped,trending,91,0.9166666666666666
FILUSDT,short,2025-07-07 12:35:00,2.272863,2025-07-07 13:55:00,2.2934911999999996,-24.117166819477315,-1.0180857715577023,stopped,trending,89,1.3333333333333333
RENDERUSDT,short,2025-07-07 12:45:00,3.1904040000000005,2025-07-07 13:55:00,3.2221189,-23.635836255790718,-1.104618336580553,stopped,trending,93,1.1666666666666667
VETUSDT,short,2025-07-08 01:55:00,0.0201729085,2025-07-08 05:20:00,0.020390369999999998,-22.057955624862323,-1.1885807303146119,stopped,trending,90,3.4166666666666665
APTUSDT,short,2025-07-08 02:20:00,4.39090345,2025-07-08 09:35:00,4.388701411919824,-1.0727649455200283,-0.059822417499978624,stopped,trending,89,7.25
FILUSDT,short,2025-07-08 04:00:00,2.2458765,2025-07-08 10:40:00,2.2685663,-22.34788003436415,-1.1208427328929154,stopped,trending,85,6.666666666666667
FILUSDT,long,2025-07-14 00:15:00,2.5572779999999997,2025-07-14 00:50:00,2.558552803083,-1.1586551547467874,-0.06017741749999618,stopped,trending,95,0.5833333333333334
VETUSDT,long,2025-07-14 00:05:00,0.024630309,2025-07-14 01:00:00,0.024642587209036497,-0.6401119279362676,-0.06017741750001045,stopped,trending,95,0.9166666666666666
ALGOUSDT,long,2025-07-14 00:00:00,0.2685342,2025-07-14 04:00:00,0.30276854000000003,38.072612999762555,7.879641654638417,completed,trending,87,4.0
ZECUSDT,long,2025-07-14 00:00:00,42.321149999999996,2025-07-14 05:10:00,44.147915000000005,36.582875650824676,2.582699360373027,completed,trending,88,5.166666666666667
ALGOUSDT,long,2025-07-14 05:10:00,0.29724854999999994,2025-07-14 05:50:00,0.28281690000000004,-19.188672204117324,-4.962408058003954,stopped,trending,92,0.6666666666666666
RENDERUSDT,long,2025-07-14 04:00:00,3.8819399999999997,2025-07-14 06:10:00,3.8102859,-20.17876916148239,-1.9548170307887283,stopped,trending,90,2.1666666666666665
AAVEUSDT,long,2025-07-14 02:15:00,315.17751,2025-07-14 10:35:00,331.41421,36.91285094585102,3.108872308028906,completed,trending,87,8.333333333333334
AAVEUSDT,long,2025-07-14 10:35:00,331.07545500000003,2025-07-14 11:15:00,325.26441,-20.681429737760993,-1.8642372403445115,stopped,trending,87,0.6666666666666666
ONDOUSDT,long,2025-07-14 06:15:00,0.93516735,2025-07-14 14:10:00,0.9356335309239749,12.382361352142835,1.227459018683496,stopped,trending,85,7.916666666666667
XMRUSDT,long,2025-07-14 11:50:00,351.27555,2025-07-14 14:30:00,345.49415999999997,-20.61166827617556,-1.754922407921657,stopped,trending,88,2.6666666666666665
LTCUSDT,long,2025-07-14 00:50:00,94.917435,2025-07-14 15:50:00,94.822517565,23.711347467359552,1.4600035489373997,stopped,trending,90,15.0
UNIUSDT,long,2025-07-14 05:50:00,9.172583999999999,2025-07-14 16:45:00,9.177156533124,12.902944657040605,1.912942821010334,stopped,trending,88,10.916666666666666
JUPUSDT,long,2025-07-14 17:00:00,0.5030514,2025-07-14 20:05:00,0.49187762999999995,-20.254298596868974,-2.329976810818951,stopped,trending,90,3.0833333333333335
TAOUSDT,long,2025-07-14 19:45:00,402.951375,2025-07-14 20:15:00,400.9393468125,4.941320812243405,0.21401798154344542,stopped,trending,85,0.5
ONDOUSDT,long,2025-07-14 20:15:00,0.8976485999999999,2025-07-14 21:30:00,0.9364415450000001,37.88916084777021,2.5869252524094795,completed,trending,87,1.25
RENDERUSDT,long,2025-07-14 20:30:00,3.733866,2025-07-14 22:00:00,3.7357273322010003,-0.6380062932995929,-0.06017741749998992,stopped,trending,91,1.5
FILUSDT,long,2025-07-14 22:00:00,2.5682835,2025-07-15 00:45:00,2.5317657,-21.61172567558134,-1.531093707528798,stopped,trending,86,2.75
APTUSDT,long,2025-07-14 20:30:00,4.96518135,2025-07-15 01:00:00,4.8783168,-20.603867631450758,-1.858511653003361,stopped,trending,88,4.5
AAVEUSDT,long,2025-07-14 20:30:00,314.287065,2025-07-15 02:15:00,309.99969,-21.313285365426324,-1.4734086225438507,stopped,trending,88,5.75
UNIUSDT,long,2025-07-15 14:15:00,9.228612,2025-07-15 14:40:00,9.0417492,-19.979915065262936,-2.133706549370589,stopped,trending,87,0.4166666666666667
JUPUSDT,long,2025-07-15 14:20:00,0.49374674999999996,2025-07-15 14:40:00,0.48395556,-20.02353525804142,-2.0919482043172843,stopped,trending,91,0.3333333333333333
TAOUSDT,long,2025-07-15 14:15:00,434.186985,2025-07-15 14:50:00,423.64593,-19.639602196508083,-2.53643326117893,stopped,trending,87,0.5833333333333334
ONDOUSDT,long,2025-07-15 14:20:00,0.9212603999999999,2025-07-15 14:50:00,0.9006784200000001,-19.787119258704436,-2.342882245996874,stopped,trending,93,0.5
APTUSDT,long,2025-07-16 08:30:00,5.211604499999999,2025-07-16 09:40:00,5.1397550999999995,-20.05005370967606,-1.4878843507791053,stopped,trending,87,1.1666666666666667
AAVEUSDT,long,2025-07-16 07:30:00,333.34659,2025-07-16 11:15:00,328.12155,-19.686050164882666,-1.6765875652125253,stopped,trending,92,3.75
LTCUSDT,long,2025-07-16 11:15:00,97.16856,2025-07-16 14:15:00,96.292611,-21.233684036395175,-1.0109778760228676,stopped,trending,89,3.0
ALGOUSDT,long,2025-07-16 09:40:00,0.28544264999999996,2025-07-16 14:45:00,0.28558494316102495,-0.4728547568719935,-0.06017741750000466,stopped,trending,87,5.083333333333333
ARBUSDT,long,2025-07-16 08:20:00,0.43761869999999997,2025-07-17 01:30:00,0.43783685292194996,11.97461308623396,1.3863803733241962,stopped,trending,89,17.166666666666668
TRXUSDT,long,2025-07-17 03:15:00,0.31019502,2025-07-17 06:20:00,0.31034965221746996,9.228109055071446,0.30454758727274045,stopped,trending,88,3.0833333333333335
ALGOUSDT,long,2025-07-17 06:30:00,0.2935467,2025-07-17 08:50:00,0.29369303302995,-0.39852874031112184,-0.060177417500004965,stopped,trending,92,2.3333333333333335
TONUSDT,long,2025-07-16 03:10:00,3.08684265,2025-07-17 09:10:00,3.20229805,35.34975123240898,2.2204577111340695,completed,trending,85,30.0
QNTUSDT,long,2025-07-17 09:45:00,116.71833,2025-07-17 10:25:00,115.44444,-20.805671551301394,-1.2008221189422383,stopped,trending,87,0.6666666666666666
UNIUSDT,long,2025-07-17 05:30:00,8.780387999999999,2025-07-17 12:05:00,8.771607611999999,23.14954333230671,2.0157897940379357,stopped,trending,86,6.583333333333333
ONDOUSDT,long,2025-07-17 05:00:00,0.9430713,2025-07-17 12:10:00,0.9905344850000001,34.970540343329645,3.032687541048078,completed,trending,86,7.166666666666667
LTCUSDT,long,2025-07-17 10:25:00,100.01998499999999,2025-07-17 12:45:00,100.0698449625225,-0.728746702180163,-0.060177417499995986,stopped,trending,96,2.3333333333333335
TONUSDT,long,2025-07-17 12:15:00,3.2372178,2025-07-17 13:45:00,3.1920048,-20.38229995703169,-1.5058941177822498,stopped,trending,88,1.5
ARBUSDT,long,2025-07-17 08:50:00,0.44702339999999996,2025-07-17 15:05:00,0.4472462411648999,-0.4874880961866145,-0.060177417500009794,stopped,trending,91,6.25
VETUSDT,long,2025-07-18 03:45:00,0.027866926499999996,2025-07-18 10:20:00,0.02750742828675,7.324347688418949,1.0056623384126968,stopped,trending,94,6.583333333333333
LTCUSDT,long,2025-07-18 10:20:00,109.30462499999999,2025-07-18 13:10:00,107.16273,-19.363505515415177,-2.068487079343615,stopped,trending,85,2.8333333333333335
TRXUSDT,long,2025-07-18 13:10:00,0.33194589,2025-07-18 14:25:00,0.32846121,-21.010013079492346,-1.1591961283207985,stopped,trending,96,1.25
FILUSDT,long,2025-07-18 03:10:00,2.7983985,2025-07-18 14:40:00,2.79979350165225,11.948731785688075,1.2500156320006293,stopped,trending,85,11.5
ONDOUSDT,long,2025-07-17 13:30:00,1.0181088,2025-07-18 15:15:00,1.0170906912,19.95942811280989,3.1369075855368327,stopped,high_volatility,92,25.75
RENDERUSDT,long,2025-07-18 17:15:00,4.114056,2025-07-18 19:00:00,4.0291668,-19.166008478265386,-2.172259505947418,stopped,trending,88,1.75
ONDOUSDT,long,2025-07-18 17:15:00,1.02661305,2025-07-18 19:05:00,1.0055934,-19.181149981180397,-2.156349322415095,stopped,trending,87,1.8333333333333333
ALGOUSDT,long,2025-07-18 17:15:00,0.29684835,2025-07-18 20:25:00,0.29226744,-19.833714392657225,-1.6523331473797964,stopped,trending,87,3.1666666666666665
UNIUSDT,long,2025-07-18 03:20:00,9.952974,2025-07-18 20:30:00,9.943021025999998,25.1813437532735,5.159730175846341,stopped,trending,86,17.166666666666668
ONDOUSDT,long,2025-07-19 13:45:00,1.0117056,2025-07-19 14:55:00,0.9983006999999999,-19.89662111958154,-1.434251571306915,stopped,trending,88,1.1666666666666667
TONUSDT,long,2025-07-19 16:50:00,3.16868355,2025-07-19 18:30:00,3.1702631387496747,-1.0836025252702248,-0.06017741750000671,stopped,trending,86,1.6666666666666667
LTCUSDT,long,2025-07-19 18:30:00,103.77185999999999,2025-07-19 19:25:00,108.30582000000001,34.78459124311268,2.6173810102999138,completed,trending,87,0.9166666666666666
TRXUSDT,long,2025-07-19 18:15:00,0.320049945,2025-07-19 21:20:00,0.31782185999999996,-22.699900947470496,-0.8057850135703183,stopped,trending,88,3.0833333333333335
APTUSDT,long,2025-07-19 19:30:00,5.28133935,2025-07-20 00:10:00,5.283972097665974,-0.7986757801505249,-0.060177417500006526,stopped,trending,87,4.666666666666667
TRXUSDT,long,2025-07-20 00:30:00,0.317548695,2025-07-20 01:55:00,0.3177069930244575,-2.696315441183749,-0.060177417500002287,stopped,trending,91,1.4166666666666667
FILUSDT,long,2025-07-19 16:15:00,2.6993489999999998,2025-07-20 06:05:00,2.8289848,35.00501880336019,2.888707852365528,completed,trending,89,13.833333333333334
VETUSDT,long,2025-07-19 16:15:00,0.026699343,2025-07-20 07:10:00,0.0281709075,35.258506880107475,3.3332854311246587,completed,trending,90,14.916666666666666
LTCUSDT,long,2025-07-19 21:25:00,110.545245,2025-07-20 07:50:00,118.510715,28.705851515235885,4.39695031835156,completed,high_volatility,88,10.416666666666666
FILUSDT,long,2025-07-20 13:55:00,2.8904444999999996,2025-07-20 14:10:00,2.8548423,-21.161521362194307,-1.3410431419803974,stopped,trending,85,0.25
APTUSDT,long,2025-07-20 14:00:00,5.4341156999999995,2025-07-20 15:25:00,5.436824606676449,-0.9724166452377853,-0.06017741750000682,stopped,trending,88,1.4166666666666667
FILUSDT,long,2025-07-20 14:10:00,2.8664325,2025-07-20 16:25:00,2.9893046,36.53990024658459,2.5641609174470346,completed,trending,90,2.25
ARBUSDT,long,2025-07-20 16:25:00,0.49974975,2025-07-20 18:15:00,0.48942009000000003,-19.91393577911967,-2.1758296851574146,stopped,trending,87,1.8333333333333333
ALGOUSDT,long,2025-07-20 14:00:00,0.3033516,2025-07-20 19:55:00,0.29827143,-20.229594936613918,-1.7837593955331026,stopped,trending,88,5.916666666666667
DOTUSDT,long,2025-07-20 14:00:00,4.5192585,2025-07-20 19:55:00,4.521511350362251,-0.8862059610046786,-0.06017741749999308,stopped,trending,90,5.916666666666667
VETUSDT,long,2025-07-20 15:25:00,0.0287613735,2025-07-20 21:00:00,0.028775711044689747,11.789650761089668,0.9017246035992867,stopped,trending,93,5.583333333333333
POLUSDT,long,2025-07-20 18:15:00,0.25188587999999995,2025-07-20 21:10:00,0.25201144511117995,-0.664386015699273,-0.06017741749999849,stopped,trending,85,2.9166666666666665
ALGOUSDT,long,2025-07-21 07:55:00,0.30785384999999993,2025-07-21 09:40:00,0.30246723,-19.946826616285165,-1.858770515294824,stopped,trending,85,1.75
LTCUSDT,long,2025-07-21 07:55:00,120.77035499999998,2025-07-21 09:45:00,118.63125,-19.917863140970287,-1.8802427820552376,stopped,trending,90,1.8333333333333333
TONUSDT,long,2025-07-21 07:55:00,3.3564773999999997,2025-07-21 10:25:00,3.3174792,-21.194061132055417,-1.271239786390325,stopped,trending,91,2.5
QNTUSDT,long,2025-07-21 09:50:00,119.44969499999999,2025-07-21 14:00:00,124.52770500000001,35.77024836494616,2.54067492970578,completed,trending,85,4.166666666666667
JUPUSDT,long,2025-07-21 08:00:00,0.5984991,2025-07-21 15:00:00,0.638950365,37.48625933625705,4.117226889626916,completed,trending,90,7.0
TAOUSDT,long,2025-07-21 22:50:00,444.191985,2025-07-22 03:25:00,444.4134147045225,12.445446041463672,1.4841829816768377,stopped,trending,89,4.583333333333333
JUPUSDT,long,2025-07-22 02:15:00,0.65122545,2025-07-22 03:40:00,0.63002934,-19.001898381311285,-3.3630135515281214,stopped,trending,87,1.4166666666666667
QNTUSDT,long,2025-07-22 00:15:00,126.61327499999999,2025-07-22 04:50:00,126.48666172499999,25.14255052989675,2.6745967651182414,stopped,trending,86,4.583333333333333
LTCUSDT,long,2025-07-22 05:00:00,115.4577,2025-07-22 07:50:00,115.51525566345,-0.51386822622608,-0.060177417499997256,stopped,trending,88,2.8333333333333335
ONDOUSDT,long,2025-07-22 06:40:00,1.0549271999999998,2025-07-22 07:50:00,1.0554530812091998,-0.42983928100185775,-0.06017741750000559,stopped,trending,88,1.1666666666666667
POLUSDT,long,2025-07-22 09:45:00,0.24689338499999997,2025-07-22 13:30:00,0.24701646135242247,-0.5753368557563866,-0.06017741749999693,stopped,trending,86,3.75
LTCUSDT,long,2025-07-22 10:45:00,114.15704999999998,2025-07-22 13:30:00,114.21395728942498,-0.7209439664569576,-0.06017741750000135,stopped,trending,86,2.75
TAOUSDT,long,2025-07-22 12:15:00,431.97587999999996,2025-07-22 13:30:00,432.1912199761799,-0.5487733389713861,-0.06017741750000881,stopped,trending,85,1.25
ARBUSDT,long,2025-07-22 12:05:00,0.4688343,2025-07-22 18:10:00,0.46906801389854996,12.713569470818536,1.77940735859725,stopped,trending,85,6.083333333333333
TRXUSDT,long,2025-07-23 01:50:00,0.31749867,2025-07-23 02:15:00,0.31527441,-24.431380689594167,-0.8101719588305608,stopped,trending,87,0.4166666666666667
LTCUSDT,long,2025-07-23 02:30:00,121.44068999999999,2025-07-23 05:20:00,119.03085,-19.846924605534966,-2.09328467007227,stopped,trending,85,2.8333333333333335
TRXUSDT,long,2025-07-23 02:30:00,0.316928385,2025-07-23 06:45:00,0.3170863737999225,-1.6815559285183033,-0.06017741749999529,stopped,trending,88,4.25
XMRUSDT,short,2025-07-23 22:40:00,310.74455,2025-07-24 00:10:00,314.96464999999995,-20.64927471776833,-1.4688077586557655,stopped,trending,86,1.5
AAVEUSDT,short,2025-07-24 06:30:00,283.27829,2025-07-24 10:00:00,289.36907999999994,-19.280379599349086,-2.2612908505978035,stopped,trending,85,3.5
APTUSDT,short,2025-07-24 05:35:00,4.6612682,2025-07-24 12:15:00,4.6589305739977,12.157225506290102,1.4059335948433775,stopped,trending,86,6.666666666666667
ONDOUSDT,long,2025-07-24 18:00:00,1.06463205,2025-07-24 21:30:00,1.0370619,-18.82922048460938,-2.6982168790146654,stopped,trending,95,3.5
TRXUSDT,long,2025-07-24 13:55:00,0.31081533,2025-07-25 03:30:00,0.310970271442005,10.706847691201574,0.5061502208500952,stopped,trending,85,13.583333333333334
APTUSDT,short,2025-07-25 00:20:00,4.62218775,2025-07-25 07:10:00,4.665855068875,6.718853721064173,0.6591911523079064,stopped,trending,89,6.833333333333333
ZECUSDT,short,2025-07-25 00:40:00,39.74012,2025-07-25 08:20:00,40.10562555999999,6.662084030773276,0.6342826265270448,stopped,trending,86,7.666666666666667
AAVEUSDT,short,2025-07-25 02:45:00,284.307775,2025-07-25 08:20:00,289.50921999999997,-19.32089343471027,-1.9405182806731116,stopped,trending,86,5.583333333333333
UNIUSDT,long,2025-07-25 11:35:00,10.538266499999999,2025-07-25 13:40:00,10.302687,-18.917991557678253,-2.344237777864114,stopped,trending,89,2.0833333333333335
LTCUSDT,long,2025-07-25 11:40:00,115.27761,2025-07-25 14:30:00,113.27661,-19.43550237099204,-1.844855059885428,stopped,trending,85,2.8333333333333335
UNIUSDT,long,2025-07-26 04:00:00,10.534264499999999,2025-07-26 06:45:00,10.386603000000001,-19.55840822786173,-1.510954819152283,stopped,trending,91,2.75
TRXUSDT,long,2025-07-26 05:20:00,0.318148995,2025-07-26 08:00:00,0.3183075922740075,-2.786240370546112,-0.060177417499993266,stopped,trending,90,2.6666666666666665
ARBUSDT,long,2025-07-26 02:45:00,0.4456227,2025-07-26 14:35:00,0.44584484291595,-0.8102006779691829,-0.06017741749999579,stopped,trending,87,11.833333333333334
TONUSDT,long,2025-07-26 05:10:00,3.31955895,2025-07-27 09:00:00,3.2910351455249995,3.8453599598684676,0.3465443184472091,stopped,high_volatility,88,27.833333333333332
DOTUSDT,long,2025-07-28 00:15:00,4.26213,2025-07-28 00:55:00,4.216279500000001,-20.231944637971125,-1.1851732637202372,stopped,trending,87,0.6666666666666666
ONDOUSDT,long,2025-07-28 00:55:00,1.06483215,2025-07-28 01:30:00,1.0490499,-18.945499460506632,-1.5913198270262594,stopped,trending,90,0.5833333333333334
UNIUSDT,long,2025-07-28 00:00:00,10.939466999999999,2025-07-28 02:30:00,10.944920324299499,-0.675616188390685,-0.0601774174999973,stopped,trending,100,2.5
QNTUSDT,long,2025-07-28 01:40:00,131.01547499999998,2025-07-28 05:35:00,130.26234476250002,4.942538071225415,0.288571251747429,stopped,trending,90,3.9166666666666665
JUPUSDT,long,2025-07-28 00:15:00,0.60120045,2025-07-28 09:30:00,0.601500148424325,11.469733152241883,1.2357777370834977,stopped,trending,91,9.25
FILUSDT,long,2025-07-28 00:00:00,2.7603794999999995,2025-07-28 11:30:00,2.7617555491807497,10.717749091217723,0.6701662242673782,stopped,trending,92,11.5
TRXUSDT,long,2025-07-28 23:15:00,0.32121052499999997,2025-07-28 23:45:00,0.3213706484467125,-1.973678764669279,-0.060177417499996166,stopped,trending,91,0.5
AAVEUSDT,short,2025-07-29 02:25:00,286.34675500000003,2025-07-29 03:55:00,290.83054,-18.923131309158332,-1.6767197212519327,stopped,trending,85,1.5
DOTUSDT,short,2025-07-28 20:30:00,3.9790095,2025-07-29 06:20:00,4.046342299999999,-18.75739644080141,-1.8031307412057975,stopped,trending,85,9.833333333333334
APTUSDT,short,2025-07-28 15:20:00,4.76751505,2025-07-29 07:45:00,4.772282565049999,23.014230554489913,2.135095356795883,stopped,trending,85,16.416666666666668
ZECUSDT,short,2025-07-28 16:35:00,41.729125,2025-07-29 08:55:00,41.770854125,22.92873952070092,2.0252229672710733,stopped,trending,86,16.333333333333332
UNIUSDT,long,2025-07-29 04:15:00,10.413203999999999,2025-07-29 10:10:00,10.418394982193998,-0.5298964833788977,-0.06017741750000273,stopped,trending,87,5.916666666666667
APTUSDT,short,2025-07-29 19:45:00,4.50804485,2025-07-29 22:55:00,4.5863818,-18.761740080093666,-1.8486702646159283,stopped,trending,94,3.1666666666666665
XMRUSDT,short,2025-07-29 20:00:00,316.52166,2025-07-29 23:40:00,316.36292438750996,-1.0018096468412359,-0.05982241749998929,stopped,trending,91,3.6666666666666665
AAVEUSDT,short,2025-07-29 20:00:00,280.91947,2025-07-30 00:55:00,280.778588885795,-0.7459856196466327,-0.059822417499999544,stopped,trending,85,4.916666666666667
TAOUSDT,short,2025-07-29 19:15:00,385.09735500000005,2025-07-30 02:40:00,384.9042286764675,11.417119199466095,1.1985660449434437,stopped,trending,87,7.416666666666667
AAVEUSDT,short,2025-07-30 12:55:00,274.24281,2025-07-30 14:50:00,278.35808,-19.017940922553258,-1.6114189062969242,stopped,trending,91,1.9166666666666667
APTUSDT,short,2025-07-30 13:00:00,4.42168805,2025-07-30 14:50:00,4.4970926,-18.70176538054536,-1.8162719407014707,stopped,trending,87,1.8333333333333333
DOTUSDT,short,2025-07-30 13:00:00,3.7651165,2025-07-30 14:50:00,3.8287248999999997,-18.723429743916718,-1.8003430377253846,stopped,trending,89,1.8333333333333333
ZECUSDT,short,2025-07-30 12:55:00,38.790595,2025-07-31 03:45:00,38.829385595,23.042500577662697,2.2389437287815626,stopped,trending,93,14.833333333333334
TONUSDT,long,2025-07-31 07:00:00,3.47783805,2025-07-31 10:10:00,3.47436021195,21.999011791098123,1.6708974297462185,stopped,trending,91,3.1666666666666665
QNTUSDT,long,2025-07-31 04:05:00,121.59076499999999,2025-07-31 12:30:00,120.34953,-19.83930232704624,-1.1302685382808386,stopped,trending,88,8.416666666666666
TRXUSDT,long,2025-07-31 10:00:00,0.32766375,2025-07-31 14:20:00,0.32585382,-23.65541432883411,-0.6620703887750659,stopped,trending,87,4.333333333333333
ZECUSDT,short,2025-07-31 12:30:00,38.710634999999996,2025-07-31 16:35:00,38.74934563499999,21.859002295410313,1.5069973864550419,stopped,trending,87,4.083333333333333
AAVEUSDT,short,2025-07-31 15:00:00,267.636115,2025-07-31 16:35:00,271.17089999999996,-18.738805978085544,-1.431469313567768,stopped,trending,92,1.5833333333333333
TAOUSDT,short,2025-07-31 13:50:00,370.75453000000005,2025-07-31 22:35:00,354.07694999999995,33.68153483201634,2.700262870483356,completed,trending,86,8.75
XMRUSDT,short,2025-07-31 11:55:00,310.20482000000004,2025-08-01 00:00:00,305.77281,21.90832153246572,1.3243630636123165,backtest_end,trending,89,12.083333333333334
AAVEUSDT,short,2025-07-31 17:15:00,269.28529000000003,2025-08-01 00:00:00,260.9304,29.805967347194432,2.425183863357361,backtest_end,trending,88,6.75
APTUSDT,short,2025-07-31 17:15:00,4.47386195,2025-08-01 00:00:00,4.3245612,29.189069993222674,2.922021487375127,backtest_end,trending,85,6.75
DOTUSDT,short,2025-07-31 22:35:00,3.6751615,2025-08-01 00:00:00,3.68184,-2.9029844748632927,-0.2918198513180873,backtest_end,trending,87,1.4166666666666667
